date,event_count,program_instance_count,title_base_count,has_time_count,reservation_event_count,onsite_event_count,online_event_count,night_event_count,children_event_count,music_event_count,food_event_count,guide_event_count,reward_event_count,hanbok_event_count,type_공식행사_count,type_공연_count,type_복합_count,type_온라인_count,type_재현_count,type_전시_count,type_체험_count,participation_사전예약_count,participation_현장참여_count,year,month,day,weekday,weekday_kr,is_weekend,season
2015-05-01,1,1,1,1,0,1,0,0,0,1,0,0,0,0,1,0,0,0,0,0,0,0,1,2015,5,1,Friday,금,0,봄
2015-05-02,4,4,4,4,0,4,0,0,1,2,1,0,0,0,1,1,0,0,0,1,1,0,4,2015,5,2,Saturday,토,1,봄
2015-05-03,5,5,5,5,1,4,0,0,1,1,1,0,0,0,0,1,0,0,1,1,2,1,4,2015,5,3,Sunday,일,1,봄
2015-05-04,6,6,6,6,2,4,0,0,1,1,2,0,0,1,0,1,0,0,1,1,3,2,4,2015,5,4,Monday,월,0,봄
2015-05-05,6,6,6,6,2,4,0,0,1,1,2,0,0,1,0,1,0,0,1,1,3,2,4,2015,5,5,Tuesday,화,0,봄
2015-05-06,6,6,6,6,2,4,0,0,1,1,2,0,0,1,0,1,0,0,1,1,3,2,4,2015,5,6,Wednesday,수,0,봄
2015-05-07,6,6,6,6,2,4,0,0,1,1,2,0,0,1,0,1,0,0,1,1,3,2,4,2015,5,7,Thursday,목,0,봄
2015-05-08,6,6,6,6,2,4,0,0,1,1,2,0,0,1,0,1,0,0,1,1,3,2,4,2015,5,8,Friday,금,0,봄
2015-05-09,6,6,6,6,2,4,0,0,1,1,2,0,0,1,0,1,0,0,1,1,3,2,4,2015,5,9,Saturday,토,1,봄
2015-05-10,6,6,6,6,2,4,0,0,1,1,2,0,0,1,0,1,0,0,1,1,3,2,4,2015,5,10,Sunday,일,1,봄
2018-04-28,1,1,1,1,0,1,0,0,0,0,0,0,0,0,1,0,0,0,0,0,0,0,1,2018,4,28,Saturday,토,1,봄
2019-04-27,2,2,2,2,0,2,0,1,1,1,1,0,0,1,0,1,0,0,0,1,0,0,2,2019,4,27,Saturday,토,1,봄
2019-04-28,4,4,4,4,0,4,0,2,1,2,2,0,0,1,1,2,0,0,0,1,0,0,4,2019,4,28,Sunday,일,1,봄
2019-04-29,3,3,3,3,0,3,0,2,1,2,1,0,0,1,0,2,0,0,0,1,0,0,3,2019,4,29,Monday,월,0,봄
2019-04-30,3,3,3,3,0,3,0,2,1,2,1,0,0,1,0,2,0,0,0,1,0,0,3,2019,4,30,Tuesday,화,0,봄
2019-05-01,3,3,3,3,0,3,0,2,1,2,1,0,0,1,0,2,0,0,0,1,0,0,3,2019,5,1,Wednesday,수,0,봄
2019-05-02,3,3,3,3,0,3,0,2,1,2,1,0,0,1,0,2,0,0,0,1,0,0,3,2019,5,2,Thursday,목,0,봄
2019-05-03,3,3,3,3,0,3,0,2,1,2,1,0,0,1,0,2,0,0,0,1,0,0,3,2019,5,3,Friday,금,0,봄
2019-05-04,4,4,4,4,0,4,0,2,1,2,1,0,0,1,0,2,0,0,1,1,0,0,4,2019,5,4,Saturday,토,1,봄
2019-05-05,3,3,3,3,0,3,0,1,1,1,1,0,0,1,0,1,0,0,1,1,0,0,3,2019,5,5,Sunday,일,1,봄
2020-10-10,3,3,3,3,0,3,0,1,0,0,2,0,0,1,0,0,0,0,0,2,1,0,3,2020,10,10,Saturday,토,1,가을
2020-10-11,3,3,3,3,0,3,0,1,0,0,2,0,0,1,0,0,0,0,0,2,1,0,3,2020,10,11,Sunday,일,1,가을
2020-10-12,3,3,3,3,0,3,0,1,0,0,2,0,0,1,0,0,0,0,0,2,1,0,3,2020,10,12,Monday,월,0,가을
2020-10-13,3,3,3,3,0,3,0,1,0,0,2,0,0,1,0,0,0,0,0,2,1,0,3,2020,10,13,Tuesday,화,0,가을
2020-10-14,3,3,3,3,0,3,0,1,0,0,2,0,0,1,0,0,0,0,0,2,1,0,3,2020,10,14,Wednesday,수,0,가을
2020-10-15,3,3,3,3,0,3,0,1,0,0,2,0,0,1,0,0,0,0,0,2,1,0,3,2020,10,15,Thursday,목,0,가을
2020-10-16,3,3,3,3,0,3,0,1,0,0,2,0,0,1,0,0,0,0,0,2,1,0,3,2020,10,16,Friday,금,0,가을
2020-10-17,3,3,3,3,0,3,0,1,0,0,2,0,0,1,0,0,0,0,0,2,1,0,3,2020,10,17,Saturday,토,1,가을
2020-10-18,4,4,4,4,0,4,0,2,0,1,3,0,0,1,0,1,0,0,0,2,1,0,4,2020,10,18,Sunday,일,1,가을
2020-10-19,1,1,1,1,0,1,0,0,0,0,1,0,0,0,0,0,0,0,0,0,1,0,1,2020,10,19,Monday,월,0,가을
2020-10-20,1,1,1,1,0,1,0,0,0,0,1,0,0,0,0,0,0,0,0,0,1,0,1,2020,10,20,Tuesday,화,0,가을
2020-10-21,1,1,1,1,0,1,0,0,0,0,1,0,0,0,0,0,0,0,0,0,1,0,1,2020,10,21,Wednesday,수,0,가을
2020-10-22,1,1,1,1,0,1,0,0,0,0,1,0,0,0,0,0,0,0,0,0,1,0,1,2020,10,22,Thursday,목,0,가을
2020-10-23,1,1,1,1,0,1,0,0,0,0,1,0,0,0,0,0,0,0,0,0,1,0,1,2020,10,23,Friday,금,0,가을
2020-10-24,1,1,1,1,0,1,0,0,0,0,1,0,0,0,0,0,0,0,0,0,1,0,1,2020,10,24,Saturday,토,1,가을
2020-10-25,1,1,1,1,0,1,0,0,0,0,1,0,0,0,0,0,0,0,0,0,1,0,1,2020,10,25,Sunday,일,1,가을
2020-10-26,1,1,1,1,0,1,0,0,0,0,1,0,0,0,0,0,0,0,0,0,1,0,1,2020,10,26,Monday,월,0,가을
2020-10-27,1,1,1,1,0,1,0,0,0,0,1,0,0,0,0,0,0,0,0,0,1,0,1,2020,10,27,Tuesday,화,0,가을
2020-10-28,1,1,1,1,0,1,0,0,0,0,1,0,0,0,0,0,0,0,0,0,1,0,1,2020,10,28,Wednesday,수,0,가을
2020-10-29,1,1,1,1,0,1,0,0,0,0,1,0,0,0,0,0,0,0,0,0,1,0,1,2020,10,29,Thursday,목,0,가을
2020-10-30,1,1,1,1,0,1,0,0,0,0,1,0,0,0,0,0,0,0,0,0,1,0,1,2020,10,30,Friday,금,0,가을
2020-10-31,1,1,1,1,0,1,0,0,0,0,1,0,0,0,0,0,0,0,0,0,1,0,1,2020,10,31,Saturday,토,1,가을
2020-11-01,1,1,1,1,0,1,0,0,0,0,1,0,0,0,0,0,0,0,0,0,1,0,1,2020,11,1,Sunday,일,1,가을
2020-11-02,1,1,1,1,0,1,0,0,0,0,1,0,0,0,0,0,0,0,0,0,1,0,1,2020,11,2,Monday,월,0,가을
2020-11-03,1,1,1,1,0,1,0,0,0,0,1,0,0,0,0,0,0,0,0,0,1,0,1,2020,11,3,Tuesday,화,0,가을
2020-11-04,1,1,1,1,0,1,0,0,0,0,1,0,0,0,0,0,0,0,0,0,1,0,1,2020,11,4,Wednesday,수,0,가을
2020-11-05,1,1,1,1,0,1,0,0,0,0,1,0,0,0,0,0,0,0,0,0,1,0,1,2020,11,5,Thursday,목,0,가을
2020-11-06,1,1,1,1,0,1,0,0,0,0,1,0,0,0,0,0,0,0,0,0,1,0,1,2020,11,6,Friday,금,0,가을
2020-11-07,1,1,1,1,0,1,0,0,0,0,1,0,0,0,0,0,0,0,0,0,1,0,1,2020,11,7,Saturday,토,1,가을
2020-11-08,1,1,1,1,0,1,0,0,0,0,1,0,0,0,0,0,0,0,0,0,1,0,1,2020,11,8,Sunday,일,1,가을
2020-11-09,1,1,1,1,0,1,0,0,0,0,1,0,0,0,0,0,0,0,0,0,1,0,1,2020,11,9,Monday,월,0,가을
2020-11-10,1,1,1,1,0,1,0,0,0,0,1,0,0,0,0,0,0,0,0,0,1,0,1,2020,11,10,Tuesday,화,0,가을
2020-11-11,1,1,1,1,0,1,0,0,0,0,1,0,0,0,0,0,0,0,0,0,1,0,1,2020,11,11,Wednesday,수,0,가을
2020-11-12,1,1,1,1,0,1,0,0,0,0,1,0,0,0,0,0,0,0,0,0,1,0,1,2020,11,12,Thursday,목,0,가을
2020-11-13,1,1,1,1,0,1,0,0,0,0,1,0,0,0,0,0,0,0,0,0,1,0,1,2020,11,13,Friday,금,0,가을
2020-11-14,1,1,1,1,0,1,0,0,0,0,1,0,0,0,0,0,0,0,0,0,1,0,1,2020,11,14,Saturday,토,1,가을
2020-11-15,1,1,1,1,0,1,0,0,0,0,1,0,0,0,0,0,0,0,0,0,1,0,1,2020,11,15,Sunday,일,1,가을
2020-11-16,1,1,1,1,0,1,0,0,0,0,1,0,0,0,0,0,0,0,0,0,1,0,1,2020,11,16,Monday,월,0,가을
2021-10-16,2,2,2,2,1,1,0,2,0,0,2,0,1,0,0,0,0,0,0,2,0,1,1,2021,10,16,Saturday,토,1,가을
2021-10-17,2,2,2,2,1,1,0,2,0,0,2,0,1,0,0,0,0,0,0,2,0,1,1,2021,10,17,Sunday,일,1,가을
2021-10-18,2,2,2,2,1,1,0,2,0,0,2,0,1,0,0,0,0,0,0,2,0,1,1,2021,10,18,Monday,월,0,가을
2021-10-19,2,2,2,2,1,1,0,2,0,0,2,0,1,0,0,0,0,0,0,2,0,1,1,2021,10,19,Tuesday,화,0,가을
2021-10-20,2,2,2,2,1,1,0,2,0,0,2,0,1,0,0,0,0,0,0,2,0,1,1,2021,10,20,Wednesday,수,0,가을
2021-10-21,2,2,2,2,1,1,0,2,0,0,2,0,1,0,0,0,0,0,0,2,0,1,1,2021,10,21,Thursday,목,0,가을
2021-10-22,2,2,2,2,1,1,0,2,0,0,2,0,1,0,0,0,0,0,0,2,0,1,1,2021,10,22,Friday,금,0,가을
2021-10-23,2,2,2,2,1,1,0,2,0,0,2,0,1,0,0,0,0,0,0,2,0,1,1,2021,10,23,Saturday,토,1,가을
2021-10-24,2,2,2,2,1,1,0,2,0,0,2,0,1,0,0,0,0,0,0,2,0,1,1,2021,10,24,Sunday,일,1,가을
2022-01-01,1,1,1,1,0,1,0,0,0,0,1,0,0,0,0,0,0,0,1,0,0,0,1,2022,1,1,Saturday,토,1,기타
2022-01-02,1,1,1,1,0,1,0,0,0,0,1,0,0,0,0,0,0,0,1,0,0,0,1,2022,1,2,Sunday,일,1,기타
2022-01-03,1,1,1,1,0,1,0,0,0,0,1,0,0,0,0,0,0,0,1,0,0,0,1,2022,1,3,Monday,월,0,기타
2022-01-04,1,1,1,1,0,1,0,0,0,0,1,0,0,0,0,0,0,0,1,0,0,0,1,2022,1,4,Tuesday,화,0,기타
2022-01-05,1,1,1,1,0,1,0,0,0,0,1,0,0,0,0,0,0,0,1,0,0,0,1,2022,1,5,Wednesday,수,0,기타
2022-01-06,1,1,1,1,0,1,0,0,0,0,1,0,0,0,0,0,0,0,1,0,0,0,1,2022,1,6,Thursday,목,0,기타
2022-01-07,1,1,1,1,0,1,0,0,0,0,1,0,0,0,0,0,0,0,1,0,0,0,1,2022,1,7,Friday,금,0,기타
2022-01-08,1,1,1,1,0,1,0,0,0,0,1,0,0,0,0,0,0,0,1,0,0,0,1,2022,1,8,Saturday,토,1,기타
2022-01-09,1,1,1,1,0,1,0,0,0,0,1,0,0,0,0,0,0,0,1,0,0,0,1,2022,1,9,Sunday,일,1,기타
2022-01-10,1,1,1,1,0,1,0,0,0,0,1,0,0,0,0,0,0,0,1,0,0,0,1,2022,1,10,Monday,월,0,기타
2022-01-11,1,1,1,1,0,1,0,0,0,0,1,0,0,0,0,0,0,0,1,0,0,0,1,2022,1,11,Tuesday,화,0,기타
2022-01-12,1,1,1,1,0,1,0,0,0,0,1,0,0,0,0,0,0,0,1,0,0,0,1,2022,1,12,Wednesday,수,0,기타
2022-01-13,1,1,1,1,0,1,0,0,0,0,1,0,0,0,0,0,0,0,1,0,0,0,1,2022,1,13,Thursday,목,0,기타
2022-01-14,1,1,1,1,0,1,0,0,0,0,1,0,0,0,0,0,0,0,1,0,0,0,1,2022,1,14,Friday,금,0,기타
2022-01-15,1,1,1,1,0,1,0,0,0,0,1,0,0,0,0,0,0,0,1,0,0,0,1,2022,1,15,Saturday,토,1,기타
2022-01-16,1,1,1,1,0,1,0,0,0,0,1,0,0,0,0,0,0,0,1,0,0,0,1,2022,1,16,Sunday,일,1,기타
2022-01-17,1,1,1,1,0,1,0,0,0,0,1,0,0,0,0,0,0,0,1,0,0,0,1,2022,1,17,Monday,월,0,기타
2022-01-18,1,1,1,1,0,1,0,0,0,0,1,0,0,0,0,0,0,0,1,0,0,0,1,2022,1,18,Tuesday,화,0,기타
2022-01-19,1,1,1,1,0,1,0,0,0,0,1,0,0,0,0,0,0,0,1,0,0,0,1,2022,1,19,Wednesday,수,0,기타
2022-01-20,1,1,1,1,0,1,0,0,0,0,1,0,0,0,0,0,0,0,1,0,0,0,1,2022,1,20,Thursday,목,0,기타
2022-01-21,1,1,1,1,0,1,0,0,0,0,1,0,0,0,0,0,0,0,1,0,0,0,1,2022,1,21,Friday,금,0,기타
2022-01-22,1,1,1,1,0,1,0,0,0,0,1,0,0,0,0,0,0,0,1,0,0,0,1,2022,1,22,Saturday,토,1,기타
2022-01-23,1,1,1,1,0,1,0,0,0,0,1,0,0,0,0,0,0,0,1,0,0,0,1,2022,1,23,Sunday,일,1,기타
2022-01-24,1,1,1,1,0,1,0,0,0,0,1,0,0,0,0,0,0,0,1,0,0,0,1,2022,1,24,Monday,월,0,기타
2022-01-25,1,1,1,1,0,1,0,0,0,0,1,0,0,0,0,0,0,0,1,0,0,0,1,2022,1,25,Tuesday,화,0,기타
2022-01-26,1,1,1,1,0,1,0,0,0,0,1,0,0,0,0,0,0,0,1,0,0,0,1,2022,1,26,Wednesday,수,0,기타
2022-01-27,1,1,1,1,0,1,0,0,0,0,1,0,0,0,0,0,0,0,1,0,0,0,1,2022,1,27,Thursday,목,0,기타
2022-01-28,1,1,1,1,0,1,0,0,0,0,1,0,0,0,0,0,0,0,1,0,0,0,1,2022,1,28,Friday,금,0,기타
2022-01-29,1,1,1,1,0,1,0,0,0,0,1,0,0,0,0,0,0,0,1,0,0,0,1,2022,1,29,Saturday,토,1,기타
2022-01-30,1,1,1,1,0,1,0,0,0,0,1,0,0,0,0,0,0,0,1,0,0,0,1,2022,1,30,Sunday,일,1,기타
2022-01-31,1,1,1,1,0,1,0,0,0,0,1,0,0,0,0,0,0,0,1,0,0,0,1,2022,1,31,Monday,월,0,기타
2022-02-01,1,1,1,1,0,1,0,0,0,0,1,0,0,0,0,0,0,0,1,0,0,0,1,2022,2,1,Tuesday,화,0,기타
2022-02-02,1,1,1,1,0,1,0,0,0,0,1,0,0,0,0,0,0,0,1,0,0,0,1,2022,2,2,Wednesday,수,0,기타
2022-02-03,1,1,1,1,0,1,0,0,0,0,1,0,0,0,0,0,0,0,1,0,0,0,1,2022,2,3,Thursday,목,0,기타
2022-02-04,1,1,1,1,0,1,0,0,0,0,1,0,0,0,0,0,0,0,1,0,0,0,1,2022,2,4,Friday,금,0,기타
2022-02-05,1,1,1,1,0,1,0,0,0,0,1,0,0,0,0,0,0,0,1,0,0,0,1,2022,2,5,Saturday,토,1,기타
2022-02-06,1,1,1,1,0,1,0,0,0,0,1,0,0,0,0,0,0,0,1,0,0,0,1,2022,2,6,Sunday,일,1,기타
2022-02-07,1,1,1,1,0,1,0,0,0,0,1,0,0,0,0,0,0,0,1,0,0,0,1,2022,2,7,Monday,월,0,기타
2022-02-08,1,1,1,1,0,1,0,0,0,0,1,0,0,0,0,0,0,0,1,0,0,0,1,2022,2,8,Tuesday,화,0,기타
2022-02-09,1,1,1,1,0,1,0,0,0,0,1,0,0,0,0,0,0,0,1,0,0,0,1,2022,2,9,Wednesday,수,0,기타
2022-02-10,1,1,1,1,0,1,0,0,0,0,1,0,0,0,0,0,0,0,1,0,0,0,1,2022,2,10,Thursday,목,0,기타
2022-02-11,1,1,1,1,0,1,0,0,0,0,1,0,0,0,0,0,0,0,1,0,0,0,1,2022,2,11,Friday,금,0,기타
2022-02-12,1,1,1,1,0,1,0,0,0,0,1,0,0,0,0,0,0,0,1,0,0,0,1,2022,2,12,Saturday,토,1,기타
2022-02-13,1,1,1,1,0,1,0,0,0,0,1,0,0,0,0,0,0,0,1,0,0,0,1,2022,2,13,Sunday,일,1,기타
2022-02-14,1,1,1,1,0,1,0,0,0,0,1,0,0,0,0,0,0,0,1,0,0,0,1,2022,2,14,Monday,월,0,기타
2022-02-15,1,1,1,1,0,1,0,0,0,0,1,0,0,0,0,0,0,0,1,0,0,0,1,2022,2,15,Tuesday,화,0,기타
2022-02-16,1,1,1,1,0,1,0,0,0,0,1,0,0,0,0,0,0,0,1,0,0,0,1,2022,2,16,Wednesday,수,0,기타
2022-02-17,1,1,1,1,0,1,0,0,0,0,1,0,0,0,0,0,0,0,1,0,0,0,1,2022,2,17,Thursday,목,0,기타
2022-02-18,1,1,1,1,0,1,0,0,0,0,1,0,0,0,0,0,0,0,1,0,0,0,1,2022,2,18,Friday,금,0,기타
2022-02-19,1,1,1,1,0,1,0,0,0,0,1,0,0,0,0,0,0,0,1,0,0,0,1,2022,2,19,Saturday,토,1,기타
2022-02-20,1,1,1,1,0,1,0,0,0,0,1,0,0,0,0,0,0,0,1,0,0,0,1,2022,2,20,Sunday,일,1,기타
2022-02-21,1,1,1,1,0,1,0,0,0,0,1,0,0,0,0,0,0,0,1,0,0,0,1,2022,2,21,Monday,월,0,기타
2022-02-22,1,1,1,1,0,1,0,0,0,0,1,0,0,0,0,0,0,0,1,0,0,0,1,2022,2,22,Tuesday,화,0,기타
2022-02-23,1,1,1,1,0,1,0,0,0,0,1,0,0,0,0,0,0,0,1,0,0,0,1,2022,2,23,Wednesday,수,0,기타
2022-02-24,1,1,1,1,0,1,0,0,0,0,1,0,0,0,0,0,0,0,1,0,0,0,1,2022,2,24,Thursday,목,0,기타
2022-02-25,1,1,1,1,0,1,0,0,0,0,1,0,0,0,0,0,0,0,1,0,0,0,1,2022,2,25,Friday,금,0,기타
2022-02-26,1,1,1,1,0,1,0,0,0,0,1,0,0,0,0,0,0,0,1,0,0,0,1,2022,2,26,Saturday,토,1,기타
2022-02-27,1,1,1,1,0,1,0,0,0,0,1,0,0,0,0,0,0,0,1,0,0,0,1,2022,2,27,Sunday,일,1,기타
2022-02-28,1,1,1,1,0,1,0,0,0,0,1,0,0,0,0,0,0,0,1,0,0,0,1,2022,2,28,Monday,월,0,기타
2022-03-01,1,1,1,1,0,1,0,0,0,0,1,0,0,0,0,0,0,0,1,0,0,0,1,2022,3,1,Tuesday,화,0,봄
2022-03-02,1,1,1,1,0,1,0,0,0,0,1,0,0,0,0,0,0,0,1,0,0,0,1,2022,3,2,Wednesday,수,0,봄
2022-03-03,1,1,1,1,0,1,0,0,0,0,1,0,0,0,0,0,0,0,1,0,0,0,1,2022,3,3,Thursday,목,0,봄
2022-03-04,1,1,1,1,0,1,0,0,0,0,1,0,0,0,0,0,0,0,1,0,0,0,1,2022,3,4,Friday,금,0,봄
2022-03-05,1,1,1,1,0,1,0,0,0,0,1,0,0,0,0,0,0,0,1,0,0,0,1,2022,3,5,Saturday,토,1,봄
2022-03-06,1,1,1,1,0,1,0,0,0,0,1,0,0,0,0,0,0,0,1,0,0,0,1,2022,3,6,Sunday,일,1,봄
2022-03-07,1,1,1,1,0,1,0,0,0,0,1,0,0,0,0,0,0,0,1,0,0,0,1,2022,3,7,Monday,월,0,봄
2022-03-08,1,1,1,1,0,1,0,0,0,0,1,0,0,0,0,0,0,0,1,0,0,0,1,2022,3,8,Tuesday,화,0,봄
2022-03-09,1,1,1,1,0,1,0,0,0,0,1,0,0,0,0,0,0,0,1,0,0,0,1,2022,3,9,Wednesday,수,0,봄
2022-03-10,1,1,1,1,0,1,0,0,0,0,1,0,0,0,0,0,0,0,1,0,0,0,1,2022,3,10,Thursday,목,0,봄
2022-03-11,1,1,1,1,0,1,0,0,0,0,1,0,0,0,0,0,0,0,1,0,0,0,1,2022,3,11,Friday,금,0,봄
2022-03-12,1,1,1,1,0,1,0,0,0,0,1,0,0,0,0,0,0,0,1,0,0,0,1,2022,3,12,Saturday,토,1,봄
2022-03-13,1,1,1,1,0,1,0,0,0,0,1,0,0,0,0,0,0,0,1,0,0,0,1,2022,3,13,Sunday,일,1,봄
2022-03-14,1,1,1,1,0,1,0,0,0,0,1,0,0,0,0,0,0,0,1,0,0,0,1,2022,3,14,Monday,월,0,봄
2022-03-15,1,1,1,1,0,1,0,0,0,0,1,0,0,0,0,0,0,0,1,0,0,0,1,2022,3,15,Tuesday,화,0,봄
2022-03-16,1,1,1,1,0,1,0,0,0,0,1,0,0,0,0,0,0,0,1,0,0,0,1,2022,3,16,Wednesday,수,0,봄
2022-03-17,1,1,1,1,0,1,0,0,0,0,1,0,0,0,0,0,0,0,1,0,0,0,1,2022,3,17,Thursday,목,0,봄
2022-03-18,1,1,1,1,0,1,0,0,0,0,1,0,0,0,0,0,0,0,1,0,0,0,1,2022,3,18,Friday,금,0,봄
2022-03-19,1,1,1,1,0,1,0,0,0,0,1,0,0,0,0,0,0,0,1,0,0,0,1,2022,3,19,Saturday,토,1,봄
2022-03-20,1,1,1,1,0,1,0,0,0,0,1,0,0,0,0,0,0,0,1,0,0,0,1,2022,3,20,Sunday,일,1,봄
2022-03-21,1,1,1,1,0,1,0,0,0,0,1,0,0,0,0,0,0,0,1,0,0,0,1,2022,3,21,Monday,월,0,봄
2022-03-22,1,1,1,1,0,1,0,0,0,0,1,0,0,0,0,0,0,0,1,0,0,0,1,2022,3,22,Tuesday,화,0,봄
2022-03-23,1,1,1,1,0,1,0,0,0,0,1,0,0,0,0,0,0,0,1,0,0,0,1,2022,3,23,Wednesday,수,0,봄
2022-03-24,1,1,1,1,0,1,0,0,0,0,1,0,0,0,0,0,0,0,1,0,0,0,1,2022,3,24,Thursday,목,0,봄
2022-03-25,1,1,1,1,0,1,0,0,0,0,1,0,0,0,0,0,0,0,1,0,0,0,1,2022,3,25,Friday,금,0,봄
2022-03-26,1,1,1,1,0,1,0,0,0,0,1,0,0,0,0,0,0,0,1,0,0,0,1,2022,3,26,Saturday,토,1,봄
2022-03-27,1,1,1,1,0,1,0,0,0,0,1,0,0,0,0,0,0,0,1,0,0,0,1,2022,3,27,Sunday,일,1,봄
2022-03-28,1,1,1,1,0,1,0,0,0,0,1,0,0,0,0,0,0,0,1,0,0,0,1,2022,3,28,Monday,월,0,봄
2022-03-29,1,1,1,1,0,1,0,0,0,0,1,0,0,0,0,0,0,0,1,0,0,0,1,2022,3,29,Tuesday,화,0,봄
2022-03-30,1,1,1,1,0,1,0,0,0,0,1,0,0,0,0,0,0,0,1,0,0,0,1,2022,3,30,Wednesday,수,0,봄
2022-03-31,1,1,1,1,0,1,0,0,0,0,1,0,0,0,0,0,0,0,1,0,0,0,1,2022,3,31,Thursday,목,0,봄
2022-04-01,1,1,1,1,0,1,0,0,0,0,1,0,0,0,0,0,0,0,1,0,0,0,1,2022,4,1,Friday,금,0,봄
2022-04-02,1,1,1,1,0,1,0,0,0,0,1,0,0,0,0,0,0,0,1,0,0,0,1,2022,4,2,Saturday,토,1,봄
2022-04-03,1,1,1,1,0,1,0,0,0,0,1,0,0,0,0,0,0,0,1,0,0,0,1,2022,4,3,Sunday,일,1,봄
2022-04-04,1,1,1,1,0,1,0,0,0,0,1,0,0,0,0,0,0,0,1,0,0,0,1,2022,4,4,Monday,월,0,봄
2022-04-05,1,1,1,1,0,1,0,0,0,0,1,0,0,0,0,0,0,0,1,0,0,0,1,2022,4,5,Tuesday,화,0,봄
2022-04-06,1,1,1,1,0,1,0,0,0,0,1,0,0,0,0,0,0,0,1,0,0,0,1,2022,4,6,Wednesday,수,0,봄
2022-04-07,1,1,1,1,0,1,0,0,0,0,1,0,0,0,0,0,0,0,1,0,0,0,1,2022,4,7,Thursday,목,0,봄
2022-04-08,1,1,1,1,0,1,0,0,0,0,1,0,0,0,0,0,0,0,1,0,0,0,1,2022,4,8,Friday,금,0,봄
2022-04-09,1,1,1,1,0,1,0,0,0,0,1,0,0,0,0,0,0,0,1,0,0,0,1,2022,4,9,Saturday,토,1,봄
2022-04-10,1,1,1,1,0,1,0,0,0,0,1,0,0,0,0,0,0,0,1,0,0,0,1,2022,4,10,Sunday,일,1,봄
2022-04-11,1,1,1,1,0,1,0,0,0,0,1,0,0,0,0,0,0,0,1,0,0,0,1,2022,4,11,Monday,월,0,봄
2022-04-12,1,1,1,1,0,1,0,0,0,0,1,0,0,0,0,0,0,0,1,0,0,0,1,2022,4,12,Tuesday,화,0,봄
2022-04-13,1,1,1,1,0,1,0,0,0,0,1,0,0,0,0,0,0,0,1,0,0,0,1,2022,4,13,Wednesday,수,0,봄
2022-04-14,1,1,1,1,0,1,0,0,0,0,1,0,0,0,0,0,0,0,1,0,0,0,1,2022,4,14,Thursday,목,0,봄
2022-04-15,1,1,1,1,0,1,0,0,0,0,1,0,0,0,0,0,0,0,1,0,0,0,1,2022,4,15,Friday,금,0,봄
2022-04-16,1,1,1,1,0,1,0,0,0,0,1,0,0,0,0,0,0,0,1,0,0,0,1,2022,4,16,Saturday,토,1,봄
2022-04-17,1,1,1,1,0,1,0,0,0,0,1,0,0,0,0,0,0,0,1,0,0,0,1,2022,4,17,Sunday,일,1,봄
2022-04-18,1,1,1,1,0,1,0,0,0,0,1,0,0,0,0,0,0,0,1,0,0,0,1,2022,4,18,Monday,월,0,봄
2022-04-19,1,1,1,1,0,1,0,0,0,0,1,0,0,0,0,0,0,0,1,0,0,0,1,2022,4,19,Tuesday,화,0,봄
2022-04-20,1,1,1,1,0,1,0,0,0,0,1,0,0,0,0,0,0,0,1,0,0,0,1,2022,4,20,Wednesday,수,0,봄
2022-04-21,1,1,1,1,0,1,0,0,0,0,1,0,0,0,0,0,0,0,1,0,0,0,1,2022,4,21,Thursday,목,0,봄
2022-04-22,1,1,1,1,0,1,0,0,0,0,1,0,0,0,0,0,0,0,1,0,0,0,1,2022,4,22,Friday,금,0,봄
2022-04-23,1,1,1,1,0,1,0,0,0,0,1,0,0,0,0,0,0,0,1,0,0,0,1,2022,4,23,Saturday,토,1,봄
2022-04-24,1,1,1,1,0,1,0,0,0,0,1,0,0,0,0,0,0,0,1,0,0,0,1,2022,4,24,Sunday,일,1,봄
2022-04-25,1,1,1,1,0,1,0,0,0,0,1,0,0,0,0,0,0,0,1,0,0,0,1,2022,4,25,Monday,월,0,봄
2022-04-26,1,1,1,1,0,1,0,0,0,0,1,0,0,0,0,0,0,0,1,0,0,0,1,2022,4,26,Tuesday,화,0,봄
2022-04-27,1,1,1,1,0,1,0,0,0,0,1,0,0,0,0,0,0,0,1,0,0,0,1,2022,4,27,Wednesday,수,0,봄
2022-04-28,1,1,1,1,0,1,0,0,0,0,1,0,0,0,0,0,0,0,1,0,0,0,1,2022,4,28,Thursday,목,0,봄
2022-04-29,1,1,1,1,0,1,0,0,0,0,1,0,0,0,0,0,0,0,1,0,0,0,1,2022,4,29,Friday,금,0,봄
2022-04-30,1,1,1,1,0,1,0,0,0,0,1,0,0,0,0,0,0,0,1,0,0,0,1,2022,4,30,Saturday,토,1,봄
2022-05-01,1,1,1,1,0,1,0,0,0,0,1,0,0,0,0,0,0,0,1,0,0,0,1,2022,5,1,Sunday,일,1,봄
2022-05-02,1,1,1,1,0,1,0,0,0,0,1,0,0,0,0,0,0,0,1,0,0,0,1,2022,5,2,Monday,월,0,봄
2022-05-03,1,1,1,1,0,1,0,0,0,0,1,0,0,0,0,0,0,0,1,0,0,0,1,2022,5,3,Tuesday,화,0,봄
2022-05-04,2,2,2,2,0,2,0,0,0,0,1,0,0,0,0,0,0,0,1,0,1,0,2,2022,5,4,Wednesday,수,0,봄
2022-05-05,2,2,2,2,0,2,0,0,0,0,1,0,0,0,0,0,0,0,1,0,1,0,2,2022,5,5,Thursday,목,0,봄
2022-05-06,2,2,2,2,0,2,0,0,0,0,1,0,0,0,0,0,0,0,1,0,1,0,2,2022,5,6,Friday,금,0,봄
2022-05-07,2,2,2,2,0,2,0,0,0,0,1,0,0,0,0,0,0,0,1,0,1,0,2,2022,5,7,Saturday,토,1,봄
2022-05-08,2,2,2,2,0,2,0,0,0,0,1,0,0,0,0,0,0,0,1,0,1,0,2,2022,5,8,Sunday,일,1,봄
2022-05-09,2,2,2,2,0,2,0,0,0,0,1,0,0,0,0,0,0,0,1,0,1,0,2,2022,5,9,Monday,월,0,봄
2022-05-10,2,2,2,2,0,2,0,0,0,0,1,0,0,0,0,0,0,0,1,0,1,0,2,2022,5,10,Tuesday,화,0,봄
2022-05-11,2,2,2,2,0,2,0,0,0,0,1,0,0,0,0,0,0,0,1,0,1,0,2,2022,5,11,Wednesday,수,0,봄
2022-05-12,2,2,2,2,0,2,0,0,0,0,1,0,0,0,0,0,0,0,1,0,1,0,2,2022,5,12,Thursday,목,0,봄
2022-05-13,2,2,2,2,0,2,0,0,0,0,1,0,0,0,0,0,0,0,1,0,1,0,2,2022,5,13,Friday,금,0,봄
2022-05-14,2,2,2,2,0,2,0,0,0,0,1,0,0,0,0,0,0,0,1,0,1,0,2,2022,5,14,Saturday,토,1,봄
2022-05-15,2,2,2,2,0,2,0,0,0,0,1,0,0,0,0,0,0,0,1,0,1,0,2,2022,5,15,Sunday,일,1,봄
2022-05-16,2,2,2,2,0,2,0,0,0,0,1,0,0,0,0,0,0,0,1,0,1,0,2,2022,5,16,Monday,월,0,봄
2022-05-17,2,2,2,2,0,2,0,0,0,0,1,0,0,0,0,0,0,0,1,0,1,0,2,2022,5,17,Tuesday,화,0,봄
2022-05-18,2,2,2,2,0,2,0,0,0,0,1,0,0,0,0,0,0,0,1,0,1,0,2,2022,5,18,Wednesday,수,0,봄
2022-05-19,2,2,2,2,0,2,0,0,0,0,1,0,0,0,0,0,0,0,1,0,1,0,2,2022,5,19,Thursday,목,0,봄
2022-05-20,2,2,2,2,0,2,0,0,0,0,1,0,0,0,0,0,0,0,1,0,1,0,2,2022,5,20,Friday,금,0,봄
2022-05-21,2,2,2,2,0,2,0,0,0,0,1,0,0,0,0,0,0,0,1,0,1,0,2,2022,5,21,Saturday,토,1,봄
2022-05-22,2,2,2,2,0,2,0,0,0,0,1,0,0,0,0,0,0,0,1,0,1,0,2,2022,5,22,Sunday,일,1,봄
2022-05-23,2,2,2,2,0,2,0,0,0,0,1,0,0,0,0,0,0,0,1,0,1,0,2,2022,5,23,Monday,월,0,봄
2022-05-24,2,2,2,2,0,2,0,0,0,0,1,0,0,0,0,0,0,0,1,0,1,0,2,2022,5,24,Tuesday,화,0,봄
2022-05-25,2,2,2,2,0,2,0,0,0,0,1,0,0,0,0,0,0,0,1,0,1,0,2,2022,5,25,Wednesday,수,0,봄
2022-05-26,2,2,2,2,0,2,0,0,0,0,1,0,0,0,0,0,0,0,1,0,1,0,2,2022,5,26,Thursday,목,0,봄
2022-05-27,2,2,2,2,0,2,0,0,0,0,1,0,0,0,0,0,0,0,1,0,1,0,2,2022,5,27,Friday,금,0,봄
2022-05-28,2,2,2,2,0,2,0,0,0,0,1,0,0,0,0,0,0,0,1,0,1,0,2,2022,5,28,Saturday,토,1,봄
2022-05-29,2,2,2,2,0,2,0,0,0,0,1,0,0,0,0,0,0,0,1,0,1,0,2,2022,5,29,Sunday,일,1,봄
2022-05-30,2,2,2,2,0,2,0,0,0,0,1,0,0,0,0,0,0,0,1,0,1,0,2,2022,5,30,Monday,월,0,봄
2022-05-31,2,2,2,2,0,2,0,0,0,0,1,0,0,0,0,0,0,0,1,0,1,0,2,2022,5,31,Tuesday,화,0,봄
2022-06-01,2,2,2,2,0,2,0,0,0,0,1,0,0,0,0,0,0,0,1,0,1,0,2,2022,6,1,Wednesday,수,0,봄
2022-06-02,2,2,2,2,0,2,0,0,0,0,1,0,0,0,0,0,0,0,1,0,1,0,2,2022,6,2,Thursday,목,0,봄
2022-06-03,2,2,2,2,0,2,0,0,0,0,1,0,0,0,0,0,0,0,1,0,1,0,2,2022,6,3,Friday,금,0,봄
2022-06-04,2,2,2,2,0,2,0,0,0,0,1,0,0,0,0,0,0,0,1,0,1,0,2,2022,6,4,Saturday,토,1,봄
2022-06-05,2,2,2,2,0,2,0,0,0,0,1,0,0,0,0,0,0,0,1,0,1,0,2,2022,6,5,Sunday,일,1,봄
2022-06-06,2,2,2,2,0,2,0,0,0,0,1,0,0,0,0,0,0,0,1,0,1,0,2,2022,6,6,Monday,월,0,봄
2022-06-07,2,2,2,2,0,2,0,0,0,0,1,0,0,0,0,0,0,0,1,0,1,0,2,2022,6,7,Tuesday,화,0,봄
2022-06-08,2,2,2,2,0,2,0,0,0,0,1,0,0,0,0,0,0,0,1,0,1,0,2,2022,6,8,Wednesday,수,0,봄
2022-06-09,2,2,2,2,0,2,0,0,0,0,1,0,0,0,0,0,0,0,1,0,1,0,2,2022,6,9,Thursday,목,0,봄
2022-06-10,2,2,2,2,0,2,0,0,0,0,1,0,0,0,0,0,0,0,1,0,1,0,2,2022,6,10,Friday,금,0,봄
2022-06-11,2,2,2,2,0,2,0,0,0,0,1,0,0,0,0,0,0,0,1,0,1,0,2,2022,6,11,Saturday,토,1,봄
2022-06-12,2,2,2,2,0,2,0,0,0,0,1,0,0,0,0,0,0,0,1,0,1,0,2,2022,6,12,Sunday,일,1,봄
2022-06-13,2,2,2,2,0,2,0,0,0,0,1,0,0,0,0,0,0,0,1,0,1,0,2,2022,6,13,Monday,월,0,봄
2022-06-14,2,2,2,2,0,2,0,0,0,0,1,0,0,0,0,0,0,0,1,0,1,0,2,2022,6,14,Tuesday,화,0,봄
2022-06-15,2,2,2,2,0,2,0,0,0,0,1,0,0,0,0,0,0,0,1,0,1,0,2,2022,6,15,Wednesday,수,0,봄
2022-06-16,2,2,2,2,0,2,0,0,0,0,1,0,0,0,0,0,0,0,1,0,1,0,2,2022,6,16,Thursday,목,0,봄
2022-06-17,2,2,2,2,0,2,0,0,0,0,1,0,0,0,0,0,0,0,1,0,1,0,2,2022,6,17,Friday,금,0,봄
2022-06-18,2,2,2,2,0,2,0,0,0,0,1,0,0,0,0,0,0,0,1,0,1,0,2,2022,6,18,Saturday,토,1,봄
2022-06-19,2,2,2,2,0,2,0,0,0,0,1,0,0,0,0,0,0,0,1,0,1,0,2,2022,6,19,Sunday,일,1,봄
2022-06-20,2,2,2,2,0,2,0,0,0,0,1,0,0,0,0,0,0,0,1,0,1,0,2,2022,6,20,Monday,월,0,봄
2022-06-21,2,2,2,2,0,2,0,0,0,0,1,0,0,0,0,0,0,0,1,0,1,0,2,2022,6,21,Tuesday,화,0,봄
2022-06-22,2,2,2,2,0,2,0,0,0,0,1,0,0,0,0,0,0,0,1,0,1,0,2,2022,6,22,Wednesday,수,0,봄
2022-06-23,2,2,2,2,0,2,0,0,0,0,1,0,0,0,0,0,0,0,1,0,1,0,2,2022,6,23,Thursday,목,0,봄
2022-06-24,2,2,2,2,0,2,0,0,0,0,1,0,0,0,0,0,0,0,1,0,1,0,2,2022,6,24,Friday,금,0,봄
2022-06-25,2,2,2,2,0,2,0,0,0,0,1,0,0,0,0,0,0,0,1,0,1,0,2,2022,6,25,Saturday,토,1,봄
2022-06-26,2,2,2,2,0,2,0,0,0,0,1,0,0,0,0,0,0,0,1,0,1,0,2,2022,6,26,Sunday,일,1,봄
2022-06-27,2,2,2,2,0,2,0,0,0,0,1,0,0,0,0,0,0,0,1,0,1,0,2,2022,6,27,Monday,월,0,봄
2022-06-28,2,2,2,2,0,2,0,0,0,0,1,0,0,0,0,0,0,0,1,0,1,0,2,2022,6,28,Tuesday,화,0,봄
2022-06-29,2,2,2,2,0,2,0,0,0,0,1,0,0,0,0,0,0,0,1,0,1,0,2,2022,6,29,Wednesday,수,0,봄
2022-06-30,2,2,2,2,0,2,0,0,0,0,1,0,0,0,0,0,0,0,1,0,1,0,2,2022,6,30,Thursday,목,0,봄
2022-07-01,2,2,2,2,0,2,0,0,0,0,1,0,0,0,0,0,0,0,1,0,1,0,2,2022,7,1,Friday,금,0,기타
2022-07-02,2,2,2,2,0,2,0,0,0,0,1,0,0,0,0,0,0,0,1,0,1,0,2,2022,7,2,Saturday,토,1,기타
2022-07-03,2,2,2,2,0,2,0,0,0,0,1,0,0,0,0,0,0,0,1,0,1,0,2,2022,7,3,Sunday,일,1,기타
2022-07-04,2,2,2,2,0,2,0,0,0,0,1,0,0,0,0,0,0,0,1,0,1,0,2,2022,7,4,Monday,월,0,기타
2022-07-05,2,2,2,2,0,2,0,0,0,0,1,0,0,0,0,0,0,0,1,0,1,0,2,2022,7,5,Tuesday,화,0,기타
2022-07-06,2,2,2,2,0,2,0,0,0,0,1,0,0,0,0,0,0,0,1,0,1,0,2,2022,7,6,Wednesday,수,0,기타
2022-07-07,2,2,2,2,0,2,0,0,0,0,1,0,0,0,0,0,0,0,1,0,1,0,2,2022,7,7,Thursday,목,0,기타
2022-07-08,2,2,2,2,0,2,0,0,0,0,1,0,0,0,0,0,0,0,1,0,1,0,2,2022,7,8,Friday,금,0,기타
2022-07-09,2,2,2,2,0,2,0,0,0,0,1,0,0,0,0,0,0,0,1,0,1,0,2,2022,7,9,Saturday,토,1,기타
2022-07-10,2,2,2,2,0,2,0,0,0,0,1,0,0,0,0,0,0,0,1,0,1,0,2,2022,7,10,Sunday,일,1,기타
2022-07-11,2,2,2,2,0,2,0,0,0,0,1,0,0,0,0,0,0,0,1,0,1,0,2,2022,7,11,Monday,월,0,기타
2022-07-12,2,2,2,2,0,2,0,0,0,0,1,0,0,0,0,0,0,0,1,0,1,0,2,2022,7,12,Tuesday,화,0,기타
2022-07-13,2,2,2,2,0,2,0,0,0,0,1,0,0,0,0,0,0,0,1,0,1,0,2,2022,7,13,Wednesday,수,0,기타
2022-07-14,2,2,2,2,0,2,0,0,0,0,1,0,0,0,0,0,0,0,1,0,1,0,2,2022,7,14,Thursday,목,0,기타
2022-07-15,2,2,2,2,0,2,0,0,0,0,1,0,0,0,0,0,0,0,1,0,1,0,2,2022,7,15,Friday,금,0,기타
2022-07-16,2,2,2,2,0,2,0,0,0,0,1,0,0,0,0,0,0,0,1,0,1,0,2,2022,7,16,Saturday,토,1,기타
2022-07-17,2,2,2,2,0,2,0,0,0,0,1,0,0,0,0,0,0,0,1,0,1,0,2,2022,7,17,Sunday,일,1,기타
2022-07-18,2,2,2,2,0,2,0,0,0,0,1,0,0,0,0,0,0,0,1,0,1,0,2,2022,7,18,Monday,월,0,기타
2022-07-19,2,2,2,2,0,2,0,0,0,0,1,0,0,0,0,0,0,0,1,0,1,0,2,2022,7,19,Tuesday,화,0,기타
2022-07-20,2,2,2,2,0,2,0,0,0,0,1,0,0,0,0,0,0,0,1,0,1,0,2,2022,7,20,Wednesday,수,0,기타
2022-07-21,2,2,2,2,0,2,0,0,0,0,1,0,0,0,0,0,0,0,1,0,1,0,2,2022,7,21,Thursday,목,0,기타
2022-07-22,2,2,2,2,0,2,0,0,0,0,1,0,0,0,0,0,0,0,1,0,1,0,2,2022,7,22,Friday,금,0,기타
2022-07-23,2,2,2,2,0,2,0,0,0,0,1,0,0,0,0,0,0,0,1,0,1,0,2,2022,7,23,Saturday,토,1,기타
2022-07-24,2,2,2,2,0,2,0,0,0,0,1,0,0,0,0,0,0,0,1,0,1,0,2,2022,7,24,Sunday,일,1,기타
2022-07-25,2,2,2,2,0,2,0,0,0,0,1,0,0,0,0,0,0,0,1,0,1,0,2,2022,7,25,Monday,월,0,기타
2022-07-26,2,2,2,2,0,2,0,0,0,0,1,0,0,0,0,0,0,0,1,0,1,0,2,2022,7,26,Tuesday,화,0,기타
2022-07-27,2,2,2,2,0,2,0,0,0,0,1,0,0,0,0,0,0,0,1,0,1,0,2,2022,7,27,Wednesday,수,0,기타
2022-07-28,2,2,2,2,0,2,0,0,0,0,1,0,0,0,0,0,0,0,1,0,1,0,2,2022,7,28,Thursday,목,0,기타
2022-07-29,2,2,2,2,0,2,0,0,0,0,1,0,0,0,0,0,0,0,1,0,1,0,2,2022,7,29,Friday,금,0,기타
2022-07-30,2,2,2,2,0,2,0,0,0,0,1,0,0,0,0,0,0,0,1,0,1,0,2,2022,7,30,Saturday,토,1,기타
2022-07-31,2,2,2,2,0,2,0,0,0,0,1,0,0,0,0,0,0,0,1,0,1,0,2,2022,7,31,Sunday,일,1,기타
2022-08-01,2,2,2,2,0,2,0,0,0,0,1,0,0,0,0,0,0,0,1,0,1,0,2,2022,8,1,Monday,월,0,기타
2022-08-02,2,2,2,2,0,2,0,0,0,0,1,0,0,0,0,0,0,0,1,0,1,0,2,2022,8,2,Tuesday,화,0,기타
2022-08-03,2,2,2,2,0,2,0,0,0,0,1,0,0,0,0,0,0,0,1,0,1,0,2,2022,8,3,Wednesday,수,0,기타
2022-08-04,2,2,2,2,0,2,0,0,0,0,1,0,0,0,0,0,0,0,1,0,1,0,2,2022,8,4,Thursday,목,0,기타
2022-08-05,2,2,2,2,0,2,0,0,0,0,1,0,0,0,0,0,0,0,1,0,1,0,2,2022,8,5,Friday,금,0,기타
2022-08-06,2,2,2,2,0,2,0,0,0,0,1,0,0,0,0,0,0,0,1,0,1,0,2,2022,8,6,Saturday,토,1,기타
2022-08-07,2,2,2,2,0,2,0,0,0,0,1,0,0,0,0,0,0,0,1,0,1,0,2,2022,8,7,Sunday,일,1,기타
2022-08-08,2,2,2,2,0,2,0,0,0,0,1,0,0,0,0,0,0,0,1,0,1,0,2,2022,8,8,Monday,월,0,기타
2022-08-09,2,2,2,2,0,2,0,0,0,0,1,0,0,0,0,0,0,0,1,0,1,0,2,2022,8,9,Tuesday,화,0,기타
2022-08-10,2,2,2,2,0,2,0,0,0,0,1,0,0,0,0,0,0,0,1,0,1,0,2,2022,8,10,Wednesday,수,0,기타
2022-08-11,2,2,2,2,0,2,0,0,0,0,1,0,0,0,0,0,0,0,1,0,1,0,2,2022,8,11,Thursday,목,0,기타
2022-08-12,2,2,2,2,0,2,0,0,0,0,1,0,0,0,0,0,0,0,1,0,1,0,2,2022,8,12,Friday,금,0,기타
2022-08-13,2,2,2,2,0,2,0,0,0,0,1,0,0,0,0,0,0,0,1,0,1,0,2,2022,8,13,Saturday,토,1,기타
2022-08-14,2,2,2,2,0,2,0,0,0,0,1,0,0,0,0,0,0,0,1,0,1,0,2,2022,8,14,Sunday,일,1,기타
2022-08-15,2,2,2,2,0,2,0,0,0,0,1,0,0,0,0,0,0,0,1,0,1,0,2,2022,8,15,Monday,월,0,기타
2022-08-16,2,2,2,2,0,2,0,0,0,0,1,0,0,0,0,0,0,0,1,0,1,0,2,2022,8,16,Tuesday,화,0,기타
2022-08-17,2,2,2,2,0,2,0,0,0,0,1,0,0,0,0,0,0,0,1,0,1,0,2,2022,8,17,Wednesday,수,0,기타
2022-08-18,2,2,2,2,0,2,0,0,0,0,1,0,0,0,0,0,0,0,1,0,1,0,2,2022,8,18,Thursday,목,0,기타
2022-08-19,2,2,2,2,0,2,0,0,0,0,1,0,0,0,0,0,0,0,1,0,1,0,2,2022,8,19,Friday,금,0,기타
2022-08-20,2,2,2,2,0,2,0,0,0,0,1,0,0,0,0,0,0,0,1,0,1,0,2,2022,8,20,Saturday,토,1,기타
2022-08-21,2,2,2,2,0,2,0,0,0,0,1,0,0,0,0,0,0,0,1,0,1,0,2,2022,8,21,Sunday,일,1,기타
2022-08-22,2,2,2,2,0,2,0,0,0,0,1,0,0,0,0,0,0,0,1,0,1,0,2,2022,8,22,Monday,월,0,기타
2022-08-23,2,2,2,2,0,2,0,0,0,0,1,0,0,0,0,0,0,0,1,0,1,0,2,2022,8,23,Tuesday,화,0,기타
2022-08-24,2,2,2,2,0,2,0,0,0,0,1,0,0,0,0,0,0,0,1,0,1,0,2,2022,8,24,Wednesday,수,0,기타
2022-08-25,2,2,2,2,0,2,0,0,0,0,1,0,0,0,0,0,0,0,1,0,1,0,2,2022,8,25,Thursday,목,0,기타
2022-08-26,2,2,2,2,0,2,0,0,0,0,1,0,0,0,0,0,0,0,1,0,1,0,2,2022,8,26,Friday,금,0,기타
2022-08-27,2,2,2,2,0,2,0,0,0,0,1,0,0,0,0,0,0,0,1,0,1,0,2,2022,8,27,Saturday,토,1,기타
2022-08-28,2,2,2,2,0,2,0,0,0,0,1,0,0,0,0,0,0,0,1,0,1,0,2,2022,8,28,Sunday,일,1,기타
2022-08-29,2,2,2,2,0,2,0,0,0,0,1,0,0,0,0,0,0,0,1,0,1,0,2,2022,8,29,Monday,월,0,기타
2022-08-30,2,2,2,2,0,2,0,0,0,0,1,0,0,0,0,0,0,0,1,0,1,0,2,2022,8,30,Tuesday,화,0,기타
2022-08-31,2,2,2,2,0,2,0,0,0,0,1,0,0,0,0,0,0,0,1,0,1,0,2,2022,8,31,Wednesday,수,0,기타
2022-09-01,2,2,2,2,0,2,0,0,0,0,1,0,0,0,0,0,0,0,1,0,1,0,2,2022,9,1,Thursday,목,0,가을
2022-09-02,2,2,2,2,0,2,0,0,0,0,1,0,0,0,0,0,0,0,1,0,1,0,2,2022,9,2,Friday,금,0,가을
2022-09-03,2,2,2,2,0,2,0,0,0,0,1,0,0,0,0,0,0,0,1,0,1,0,2,2022,9,3,Saturday,토,1,가을
2022-09-04,2,2,2,2,0,2,0,0,0,0,1,0,0,0,0,0,0,0,1,0,1,0,2,2022,9,4,Sunday,일,1,가을
2022-09-05,2,2,2,2,0,2,0,0,0,0,1,0,0,0,0,0,0,0,1,0,1,0,2,2022,9,5,Monday,월,0,가을
2022-09-06,2,2,2,2,0,2,0,0,0,0,1,0,0,0,0,0,0,0,1,0,1,0,2,2022,9,6,Tuesday,화,0,가을
2022-09-07,3,3,3,3,1,2,0,0,0,0,2,0,0,0,0,0,0,0,1,0,2,1,2,2022,9,7,Wednesday,수,0,가을
2022-09-08,3,3,3,3,1,2,0,0,0,0,2,0,0,0,0,0,0,0,1,0,2,1,2,2022,9,8,Thursday,목,0,가을
2022-09-09,3,3,3,3,1,2,0,0,0,0,2,0,0,0,0,0,0,0,1,0,2,1,2,2022,9,9,Friday,금,0,가을
2022-09-10,3,3,3,3,1,2,0,0,0,0,2,0,0,0,0,0,0,0,1,0,2,1,2,2022,9,10,Saturday,토,1,가을
2022-09-11,3,3,3,3,1,2,0,0,0,0,2,0,0,0,0,0,0,0,1,0,2,1,2,2022,9,11,Sunday,일,1,가을
2022-09-12,3,3,3,3,1,2,0,0,0,0,2,0,0,0,0,0,0,0,1,0,2,1,2,2022,9,12,Monday,월,0,가을
2022-09-13,3,3,3,3,1,2,0,0,0,0,2,0,0,0,0,0,0,0,1,0,2,1,2,2022,9,13,Tuesday,화,0,가을
2022-09-14,3,3,3,3,1,2,0,0,0,0,2,0,0,0,0,0,0,0,1,0,2,1,2,2022,9,14,Wednesday,수,0,가을
2022-09-15,3,3,3,3,1,2,0,0,0,0,2,0,0,0,0,0,0,0,1,0,2,1,2,2022,9,15,Thursday,목,0,가을
2022-09-16,3,3,3,3,1,2,0,0,0,0,2,0,0,0,0,0,0,0,1,0,2,1,2,2022,9,16,Friday,금,0,가을
2022-09-17,3,3,3,3,1,2,0,0,0,0,2,0,0,0,0,0,0,0,1,0,2,1,2,2022,9,17,Saturday,토,1,가을
2022-09-18,3,3,3,3,1,2,0,0,0,0,2,0,0,0,0,0,0,0,1,0,2,1,2,2022,9,18,Sunday,일,1,가을
2022-09-19,3,3,3,3,1,2,0,0,0,0,2,0,0,0,0,0,0,0,1,0,2,1,2,2022,9,19,Monday,월,0,가을
2022-09-20,3,3,3,3,1,2,0,0,0,0,2,0,0,0,0,0,0,0,1,0,2,1,2,2022,9,20,Tuesday,화,0,가을
2022-09-21,3,3,3,3,1,2,0,0,0,0,2,0,0,0,0,0,0,0,1,0,2,1,2,2022,9,21,Wednesday,수,0,가을
2022-09-22,3,3,3,3,1,2,0,0,0,0,2,0,0,0,0,0,0,0,1,0,2,1,2,2022,9,22,Thursday,목,0,가을
2022-09-23,3,3,3,3,1,2,0,0,0,0,2,0,0,0,0,0,0,0,1,0,2,1,2,2022,9,23,Friday,금,0,가을
2022-09-24,3,3,3,3,1,2,0,0,0,0,2,0,0,0,0,0,0,0,1,0,2,1,2,2022,9,24,Saturday,토,1,가을
2022-09-25,3,3,3,3,1,2,0,0,0,0,2,0,0,0,0,0,0,0,1,0,2,1,2,2022,9,25,Sunday,일,1,가을
2022-09-26,3,3,3,3,1,2,0,0,0,0,2,0,0,0,0,0,0,0,1,0,2,1,2,2022,9,26,Monday,월,0,가을
2022-09-27,3,3,3,3,1,2,0,0,0,0,2,0,0,0,0,0,0,0,1,0,2,1,2,2022,9,27,Tuesday,화,0,가을
2022-09-28,3,3,3,3,1,2,0,0,0,0,2,0,0,0,0,0,0,0,1,0,2,1,2,2022,9,28,Wednesday,수,0,가을
2022-09-29,3,3,3,3,1,2,0,0,0,0,2,0,0,0,0,0,0,0,1,0,2,1,2,2022,9,29,Thursday,목,0,가을
2022-09-30,3,3,3,3,1,2,0,0,0,0,2,0,0,0,0,0,0,0,1,0,2,1,2,2022,9,30,Friday,금,0,가을
2022-10-01,13,13,13,13,5,8,0,1,5,4,6,1,4,1,2,2,0,0,1,0,8,5,8,2022,10,1,Saturday,토,1,가을
2022-10-02,13,13,13,13,5,8,0,1,4,5,6,1,4,0,1,3,0,0,1,0,8,5,8,2022,10,2,Sunday,일,1,가을
2022-10-03,12,12,12,12,4,8,0,1,4,4,5,1,4,0,1,2,0,0,1,0,8,4,8,2022,10,3,Monday,월,0,가을
2022-10-04,12,12,12,12,4,8,0,1,3,5,5,2,3,0,2,2,0,0,1,0,7,4,8,2022,10,4,Tuesday,화,0,가을
2022-10-05,13,13,13,13,4,9,0,1,3,6,5,2,3,0,2,3,0,0,1,0,7,4,9,2022,10,5,Wednesday,수,0,가을
2022-10-06,13,13,13,13,4,9,0,1,3,6,5,2,3,0,2,3,0,0,1,0,7,4,9,2022,10,6,Thursday,목,0,가을
2022-10-07,14,14,14,14,5,9,0,1,3,6,5,2,3,0,2,3,0,0,1,0,8,5,9,2022,10,7,Friday,금,0,가을
2022-10-08,15,15,15,15,6,9,0,1,4,5,5,2,3,0,1,3,0,0,1,0,10,6,9,2022,10,8,Saturday,토,1,가을
2022-10-09,14,14,14,14,6,8,0,1,3,5,5,1,3,0,1,3,0,0,1,0,9,6,8,2022,10,9,Sunday,일,1,가을
2022-10-10,6,6,6,6,4,2,0,1,1,2,4,0,1,0,0,0,0,0,1,0,5,4,2,2022,10,10,Monday,월,0,가을
2022-10-11,5,5,5,5,3,2,0,1,0,1,3,0,0,0,0,0,0,0,1,0,4,3,2,2022,10,11,Tuesday,화,0,가을
2022-10-12,5,5,5,5,3,2,0,1,0,1,3,0,0,0,0,0,0,0,1,0,4,3,2,2022,10,12,Wednesday,수,0,가을
2022-10-13,5,5,5,5,3,2,0,1,0,1,3,0,0,0,0,0,0,0,1,0,4,3,2,2022,10,13,Thursday,목,0,가을
2022-10-14,5,5,5,5,3,2,0,1,0,1,3,0,0,0,0,0,0,0,1,0,4,3,2,2022,10,14,Friday,금,0,가을
2022-10-15,5,5,5,5,3,2,0,1,0,1,3,0,0,0,0,0,0,0,1,0,4,3,2,2022,10,15,Saturday,토,1,가을
2022-10-16,5,5,5,5,3,2,0,1,0,1,3,0,0,0,0,0,0,0,1,0,4,3,2,2022,10,16,Sunday,일,1,가을
2022-10-17,4,4,4,4,2,2,0,0,0,0,2,0,0,0,0,0,0,0,1,0,3,2,2,2022,10,17,Monday,월,0,가을
2022-10-18,4,4,4,4,2,2,0,0,0,0,2,0,0,0,0,0,0,0,1,0,3,2,2,2022,10,18,Tuesday,화,0,가을
2022-10-19,4,4,4,4,2,2,0,0,0,0,2,0,0,0,0,0,0,0,1,0,3,2,2,2022,10,19,Wednesday,수,0,가을
2022-10-20,4,4,4,4,2,2,0,0,0,0,2,0,0,0,0,0,0,0,1,0,3,2,2,2022,10,20,Thursday,목,0,가을
2022-10-21,3,3,3,3,1,2,0,0,0,0,1,0,0,0,0,0,0,0,1,0,2,1,2,2022,10,21,Friday,금,0,가을
2022-10-22,2,2,2,2,0,2,0,0,0,0,1,0,0,0,0,0,0,0,1,0,1,0,2,2022,10,22,Saturday,토,1,가을
2022-10-23,2,2,2,2,0,2,0,0,0,0,1,0,0,0,0,0,0,0,1,0,1,0,2,2022,10,23,Sunday,일,1,가을
2022-10-24,2,2,2,2,0,2,0,0,0,0,1,0,0,0,0,0,0,0,1,0,1,0,2,2022,10,24,Monday,월,0,가을
2022-10-25,2,2,2,2,0,2,0,0,0,0,1,0,0,0,0,0,0,0,1,0,1,0,2,2022,10,25,Tuesday,화,0,가을
2022-10-26,2,2,2,2,0,2,0,0,0,0,1,0,0,0,0,0,0,0,1,0,1,0,2,2022,10,26,Wednesday,수,0,가을
2022-10-27,2,2,2,2,0,2,0,0,0,0,1,0,0,0,0,0,0,0,1,0,1,0,2,2022,10,27,Thursday,목,0,가을
2022-10-28,2,2,2,2,0,2,0,0,0,0,1,0,0,0,0,0,0,0,1,0,1,0,2,2022,10,28,Friday,금,0,가을
2022-10-29,2,2,2,2,0,2,0,0,0,0,1,0,0,0,0,0,0,0,1,0,1,0,2,2022,10,29,Saturday,토,1,가을
2022-10-30,2,2,2,2,0,2,0,0,0,0,1,0,0,0,0,0,0,0,1,0,1,0,2,2022,10,30,Sunday,일,1,가을
2022-10-31,2,2,2,2,0,2,0,0,0,0,1,0,0,0,0,0,0,0,1,0,1,0,2,2022,10,31,Monday,월,0,가을
2022-11-01,1,1,1,1,0,1,0,0,0,0,1,0,0,0,0,0,0,0,1,0,0,0,1,2022,11,1,Tuesday,화,0,가을
2022-11-02,1,1,1,1,0,1,0,0,0,0,1,0,0,0,0,0,0,0,1,0,0,0,1,2022,11,2,Wednesday,수,0,가을
2022-11-03,1,1,1,1,0,1,0,0,0,0,1,0,0,0,0,0,0,0,1,0,0,0,1,2022,11,3,Thursday,목,0,가을
2022-11-04,1,1,1,1,0,1,0,0,0,0,1,0,0,0,0,0,0,0,1,0,0,0,1,2022,11,4,Friday,금,0,가을
2022-11-05,1,1,1,1,0,1,0,0,0,0,1,0,0,0,0,0,0,0,1,0,0,0,1,2022,11,5,Saturday,토,1,가을
2022-11-06,1,1,1,1,0,1,0,0,0,0,1,0,0,0,0,0,0,0,1,0,0,0,1,2022,11,6,Sunday,일,1,가을
2022-11-07,1,1,1,1,0,1,0,0,0,0,1,0,0,0,0,0,0,0,1,0,0,0,1,2022,11,7,Monday,월,0,가을
2022-11-08,1,1,1,1,0,1,0,0,0,0,1,0,0,0,0,0,0,0,1,0,0,0,1,2022,11,8,Tuesday,화,0,가을
2022-11-09,1,1,1,1,0,1,0,0,0,0,1,0,0,0,0,0,0,0,1,0,0,0,1,2022,11,9,Wednesday,수,0,가을
2022-11-10,1,1,1,1,0,1,0,0,0,0,1,0,0,0,0,0,0,0,1,0,0,0,1,2022,11,10,Thursday,목,0,가을
2022-11-11,1,1,1,1,0,1,0,0,0,0,1,0,0,0,0,0,0,0,1,0,0,0,1,2022,11,11,Friday,금,0,가을
2022-11-12,1,1,1,1,0,1,0,0,0,0,1,0,0,0,0,0,0,0,1,0,0,0,1,2022,11,12,Saturday,토,1,가을
2022-11-13,1,1,1,1,0,1,0,0,0,0,1,0,0,0,0,0,0,0,1,0,0,0,1,2022,11,13,Sunday,일,1,가을
2022-11-14,1,1,1,1,0,1,0,0,0,0,1,0,0,0,0,0,0,0,1,0,0,0,1,2022,11,14,Monday,월,0,가을
2022-11-15,1,1,1,1,0,1,0,0,0,0,1,0,0,0,0,0,0,0,1,0,0,0,1,2022,11,15,Tuesday,화,0,가을
2022-11-16,1,1,1,1,0,1,0,0,0,0,1,0,0,0,0,0,0,0,1,0,0,0,1,2022,11,16,Wednesday,수,0,가을
2022-11-17,1,1,1,1,0,1,0,0,0,0,1,0,0,0,0,0,0,0,1,0,0,0,1,2022,11,17,Thursday,목,0,가을
2022-11-18,1,1,1,1,0,1,0,0,0,0,1,0,0,0,0,0,0,0,1,0,0,0,1,2022,11,18,Friday,금,0,가을
2022-11-19,1,1,1,1,0,1,0,0,0,0,1,0,0,0,0,0,0,0,1,0,0,0,1,2022,11,19,Saturday,토,1,가을
2022-11-20,1,1,1,1,0,1,0,0,0,0,1,0,0,0,0,0,0,0,1,0,0,0,1,2022,11,20,Sunday,일,1,가을
2022-11-21,1,1,1,1,0,1,0,0,0,0,1,0,0,0,0,0,0,0,1,0,0,0,1,2022,11,21,Monday,월,0,가을
2022-11-22,1,1,1,1,0,1,0,0,0,0,1,0,0,0,0,0,0,0,1,0,0,0,1,2022,11,22,Tuesday,화,0,가을
2022-11-23,1,1,1,1,0,1,0,0,0,0,1,0,0,0,0,0,0,0,1,0,0,0,1,2022,11,23,Wednesday,수,0,가을
2022-11-24,1,1,1,1,0,1,0,0,0,0,1,0,0,0,0,0,0,0,1,0,0,0,1,2022,11,24,Thursday,목,0,가을
2022-11-25,1,1,1,1,0,1,0,0,0,0,1,0,0,0,0,0,0,0,1,0,0,0,1,2022,11,25,Friday,금,0,가을
2022-11-26,1,1,1,1,0,1,0,0,0,0,1,0,0,0,0,0,0,0,1,0,0,0,1,2022,11,26,Saturday,토,1,가을
2022-11-27,1,1,1,1,0,1,0,0,0,0,1,0,0,0,0,0,0,0,1,0,0,0,1,2022,11,27,Sunday,일,1,가을
2022-11-28,1,1,1,1,0,1,0,0,0,0,1,0,0,0,0,0,0,0,1,0,0,0,1,2022,11,28,Monday,월,0,가을
2022-11-29,1,1,1,1,0,1,0,0,0,0,1,0,0,0,0,0,0,0,1,0,0,0,1,2022,11,29,Tuesday,화,0,가을
2022-11-30,1,1,1,1,0,1,0,0,0,0,1,0,0,0,0,0,0,0,1,0,0,0,1,2022,11,30,Wednesday,수,0,가을
2022-12-01,1,1,1,1,0,1,0,0,0,0,1,0,0,0,0,0,0,0,1,0,0,0,1,2022,12,1,Thursday,목,0,기타
2022-12-02,1,1,1,1,0,1,0,0,0,0,1,0,0,0,0,0,0,0,1,0,0,0,1,2022,12,2,Friday,금,0,기타
2022-12-03,1,1,1,1,0,1,0,0,0,0,1,0,0,0,0,0,0,0,1,0,0,0,1,2022,12,3,Saturday,토,1,기타
2022-12-04,1,1,1,1,0,1,0,0,0,0,1,0,0,0,0,0,0,0,1,0,0,0,1,2022,12,4,Sunday,일,1,기타
2022-12-05,1,1,1,1,0,1,0,0,0,0,1,0,0,0,0,0,0,0,1,0,0,0,1,2022,12,5,Monday,월,0,기타
2022-12-06,1,1,1,1,0,1,0,0,0,0,1,0,0,0,0,0,0,0,1,0,0,0,1,2022,12,6,Tuesday,화,0,기타
2022-12-07,1,1,1,1,0,1,0,0,0,0,1,0,0,0,0,0,0,0,1,0,0,0,1,2022,12,7,Wednesday,수,0,기타
2022-12-08,1,1,1,1,0,1,0,0,0,0,1,0,0,0,0,0,0,0,1,0,0,0,1,2022,12,8,Thursday,목,0,기타
2022-12-09,1,1,1,1,0,1,0,0,0,0,1,0,0,0,0,0,0,0,1,0,0,0,1,2022,12,9,Friday,금,0,기타
2022-12-10,1,1,1,1,0,1,0,0,0,0,1,0,0,0,0,0,0,0,1,0,0,0,1,2022,12,10,Saturday,토,1,기타
2022-12-11,1,1,1,1,0,1,0,0,0,0,1,0,0,0,0,0,0,0,1,0,0,0,1,2022,12,11,Sunday,일,1,기타
2022-12-12,1,1,1,1,0,1,0,0,0,0,1,0,0,0,0,0,0,0,1,0,0,0,1,2022,12,12,Monday,월,0,기타
2022-12-13,1,1,1,1,0,1,0,0,0,0,1,0,0,0,0,0,0,0,1,0,0,0,1,2022,12,13,Tuesday,화,0,기타
2022-12-14,1,1,1,1,0,1,0,0,0,0,1,0,0,0,0,0,0,0,1,0,0,0,1,2022,12,14,Wednesday,수,0,기타
2022-12-15,1,1,1,1,0,1,0,0,0,0,1,0,0,0,0,0,0,0,1,0,0,0,1,2022,12,15,Thursday,목,0,기타
2022-12-16,1,1,1,1,0,1,0,0,0,0,1,0,0,0,0,0,0,0,1,0,0,0,1,2022,12,16,Friday,금,0,기타
2022-12-17,1,1,1,1,0,1,0,0,0,0,1,0,0,0,0,0,0,0,1,0,0,0,1,2022,12,17,Saturday,토,1,기타
2022-12-18,1,1,1,1,0,1,0,0,0,0,1,0,0,0,0,0,0,0,1,0,0,0,1,2022,12,18,Sunday,일,1,기타
2022-12-19,1,1,1,1,0,1,0,0,0,0,1,0,0,0,0,0,0,0,1,0,0,0,1,2022,12,19,Monday,월,0,기타
2022-12-20,1,1,1,1,0,1,0,0,0,0,1,0,0,0,0,0,0,0,1,0,0,0,1,2022,12,20,Tuesday,화,0,기타
2022-12-21,1,1,1,1,0,1,0,0,0,0,1,0,0,0,0,0,0,0,1,0,0,0,1,2022,12,21,Wednesday,수,0,기타
2022-12-22,1,1,1,1,0,1,0,0,0,0,1,0,0,0,0,0,0,0,1,0,0,0,1,2022,12,22,Thursday,목,0,기타
2022-12-23,1,1,1,1,0,1,0,0,0,0,1,0,0,0,0,0,0,0,1,0,0,0,1,2022,12,23,Friday,금,0,기타
2022-12-24,1,1,1,1,0,1,0,0,0,0,1,0,0,0,0,0,0,0,1,0,0,0,1,2022,12,24,Saturday,토,1,기타
2022-12-25,1,1,1,1,0,1,0,0,0,0,1,0,0,0,0,0,0,0,1,0,0,0,1,2022,12,25,Sunday,일,1,기타
2022-12-26,1,1,1,1,0,1,0,0,0,0,1,0,0,0,0,0,0,0,1,0,0,0,1,2022,12,26,Monday,월,0,기타
2022-12-27,1,1,1,1,0,1,0,0,0,0,1,0,0,0,0,0,0,0,1,0,0,0,1,2022,12,27,Tuesday,화,0,기타
2022-12-28,1,1,1,1,0,1,0,0,0,0,1,0,0,0,0,0,0,0,1,0,0,0,1,2022,12,28,Wednesday,수,0,기타
2022-12-29,1,1,1,1,0,1,0,0,0,0,1,0,0,0,0,0,0,0,1,0,0,0,1,2022,12,29,Thursday,목,0,기타
2022-12-30,1,1,1,1,0,1,0,0,0,0,1,0,0,0,0,0,0,0,1,0,0,0,1,2022,12,30,Friday,금,0,기타
2022-12-31,1,1,1,1,0,1,0,0,0,0,1,0,0,0,0,0,0,0,1,0,0,0,1,2022,12,31,Saturday,토,1,기타
2023-04-28,2,2,2,2,2,0,0,1,2,1,2,0,1,0,1,0,0,0,0,0,1,2,0,2023,4,28,Friday,금,0,봄
2023-04-29,6,6,6,6,3,3,0,3,5,4,3,1,1,0,0,3,0,0,0,0,3,3,3,2023,4,29,Saturday,토,1,봄
2023-04-30,5,5,5,5,3,2,0,3,4,3,3,1,1,0,0,2,0,0,0,0,3,3,2,2023,4,30,Sunday,일,1,봄
2023-05-01,5,5,5,5,3,2,0,3,4,3,3,1,1,0,0,2,0,0,0,0,3,3,2,2023,5,1,Monday,월,0,봄
2023-05-02,6,6,6,6,3,3,0,3,4,3,3,1,1,0,0,2,0,0,1,0,3,3,3,2023,5,2,Tuesday,화,0,봄
2023-05-03,5,5,5,5,2,3,0,4,3,3,3,1,1,0,0,2,0,0,0,0,3,2,3,2023,5,3,Wednesday,수,0,봄
2023-05-04,5,5,5,5,2,3,0,4,3,3,3,1,1,0,0,2,0,0,0,0,3,2,3,2023,5,4,Thursday,목,0,봄
2023-05-05,6,6,6,6,3,3,0,4,4,4,3,1,2,0,0,2,0,0,0,0,4,3,3,2023,5,5,Friday,금,0,봄
2023-05-06,6,6,6,6,3,3,0,4,4,4,3,1,2,0,0,2,0,0,0,0,4,3,3,2023,5,6,Saturday,토,1,봄
2023-05-07,5,5,5,5,3,2,0,3,4,3,3,1,2,0,0,1,0,0,0,0,4,3,2,2023,5,7,Sunday,일,1,봄
2023-09-07,1,1,1,1,1,0,0,0,0,0,1,0,0,0,0,0,0,0,0,0,1,1,0,2023,9,7,Thursday,목,0,가을
2023-09-08,1,1,1,1,1,0,0,0,0,0,1,0,0,0,0,0,0,0,0,0,1,1,0,2023,9,8,Friday,금,0,가을
2023-09-09,1,1,1,1,1,0,0,0,0,0,1,0,0,0,0,0,0,0,0,0,1,1,0,2023,9,9,Saturday,토,1,가을
2023-09-10,1,1,1,1,1,0,0,0,0,0,1,0,0,0,0,0,0,0,0,0,1,1,0,2023,9,10,Sunday,일,1,가을
2023-09-11,1,1,1,1,1,0,0,0,0,0,1,0,0,0,0,0,0,0,0,0,1,1,0,2023,9,11,Monday,월,0,가을
2023-09-12,1,1,1,1,1,0,0,0,0,0,1,0,0,0,0,0,0,0,0,0,1,1,0,2023,9,12,Tuesday,화,0,가을
2023-09-13,1,1,1,1,1,0,0,0,0,0,1,0,0,0,0,0,0,0,0,0,1,1,0,2023,9,13,Wednesday,수,0,가을
2023-09-14,1,1,1,1,1,0,0,0,0,0,1,0,0,0,0,0,0,0,0,0,1,1,0,2023,9,14,Thursday,목,0,가을
2023-09-15,1,1,1,1,1,0,0,0,0,0,1,0,0,0,0,0,0,0,0,0,1,1,0,2023,9,15,Friday,금,0,가을
2023-09-16,1,1,1,1,1,0,0,0,0,0,1,0,0,0,0,0,0,0,0,0,1,1,0,2023,9,16,Saturday,토,1,가을
2023-09-17,1,1,1,1,1,0,0,0,0,0,1,0,0,0,0,0,0,0,0,0,1,1,0,2023,9,17,Sunday,일,1,가을
2023-09-18,1,1,1,1,1,0,0,0,0,0,1,0,0,0,0,0,0,0,0,0,1,1,0,2023,9,18,Monday,월,0,가을
2023-09-19,1,1,1,1,1,0,0,0,0,0,1,0,0,0,0,0,0,0,0,0,1,1,0,2023,9,19,Tuesday,화,0,가을
2023-09-20,1,1,1,1,1,0,0,0,0,0,1,0,0,0,0,0,0,0,0,0,1,1,0,2023,9,20,Wednesday,수,0,가을
2023-09-21,1,1,1,1,1,0,0,0,0,0,1,0,0,0,0,0,0,0,0,0,1,1,0,2023,9,21,Thursday,목,0,가을
2023-09-22,1,1,1,1,1,0,0,0,0,0,1,0,0,0,0,0,0,0,0,0,1,1,0,2023,9,22,Friday,금,0,가을
2023-09-23,1,1,1,1,1,0,0,0,0,0,1,0,0,0,0,0,0,0,0,0,1,1,0,2023,9,23,Saturday,토,1,가을
2023-09-24,1,1,1,1,1,0,0,0,0,0,1,0,0,0,0,0,0,0,0,0,1,1,0,2023,9,24,Sunday,일,1,가을
2023-09-25,1,1,1,1,1,0,0,0,0,0,1,0,0,0,0,0,0,0,0,0,1,1,0,2023,9,25,Monday,월,0,가을
2023-09-26,1,1,1,1,1,0,0,0,0,0,1,0,0,0,0,0,0,0,0,0,1,1,0,2023,9,26,Tuesday,화,0,가을
2023-09-27,1,1,1,1,1,0,0,0,0,0,1,0,0,0,0,0,0,0,0,0,1,1,0,2023,9,27,Wednesday,수,0,가을
2023-09-28,1,1,1,1,1,0,0,0,0,0,1,0,0,0,0,0,0,0,0,0,1,1,0,2023,9,28,Thursday,목,0,가을
2023-09-29,1,1,1,1,1,0,0,0,0,0,1,0,0,0,0,0,0,0,0,0,1,1,0,2023,9,29,Friday,금,0,가을
2023-09-30,1,1,1,1,1,0,0,0,0,0,1,0,0,0,0,0,0,0,0,0,1,1,0,2023,9,30,Saturday,토,1,가을
2023-10-01,1,1,1,1,1,0,0,0,0,0,1,0,0,0,0,0,0,0,0,0,1,1,0,2023,10,1,Sunday,일,1,가을
2023-10-02,1,1,1,1,1,0,0,0,0,0,1,0,0,0,0,0,0,0,0,0,1,1,0,2023,10,2,Monday,월,0,가을
2023-10-03,1,1,1,1,1,0,0,0,0,0,1,0,0,0,0,0,0,0,0,0,1,1,0,2023,10,3,Tuesday,화,0,가을
2023-10-04,1,1,1,1,1,0,0,0,0,0,1,0,0,0,0,0,0,0,0,0,1,1,0,2023,10,4,Wednesday,수,0,가을
2023-10-05,1,1,1,1,1,0,0,0,0,0,1,0,0,0,0,0,0,0,0,0,1,1,0,2023,10,5,Thursday,목,0,가을
2023-10-06,1,1,1,1,1,0,0,0,0,0,1,0,0,0,0,0,0,0,0,0,1,1,0,2023,10,6,Friday,금,0,가을
2023-10-07,1,1,1,1,1,0,0,0,0,0,1,0,0,0,0,0,0,0,0,0,1,1,0,2023,10,7,Saturday,토,1,가을
2023-10-08,2,2,2,2,1,1,0,0,0,1,1,1,0,0,0,1,0,0,0,0,1,1,1,2023,10,8,Sunday,일,1,가을
2023-10-09,2,2,2,2,1,1,0,0,0,1,1,1,0,0,0,1,0,0,0,0,1,1,1,2023,10,9,Monday,월,0,가을
2023-10-10,2,2,2,2,1,1,0,0,0,1,1,1,0,0,0,1,0,0,0,0,1,1,1,2023,10,10,Tuesday,화,0,가을
2023-10-11,2,2,2,2,1,1,0,0,0,1,1,1,0,0,0,1,0,0,0,0,1,1,1,2023,10,11,Wednesday,수,0,가을
2023-10-12,3,3,3,3,2,1,0,1,1,2,2,1,0,0,0,2,0,0,0,0,1,2,1,2023,10,12,Thursday,목,0,가을
2023-10-13,9,9,9,9,3,6,0,3,2,5,4,1,1,1,0,5,0,0,0,1,3,3,6,2023,10,13,Friday,금,0,가을
2023-10-14,9,9,9,9,3,6,0,3,2,5,4,0,1,1,0,5,0,0,0,1,3,3,6,2023,10,14,Saturday,토,1,가을
2023-10-15,6,6,6,6,1,5,0,1,0,2,1,0,0,0,0,2,0,0,0,1,3,1,5,2023,10,15,Sunday,일,1,가을
2023-10-16,6,6,6,6,1,5,0,1,0,2,1,0,0,0,0,2,0,0,0,1,3,1,5,2023,10,16,Monday,월,0,가을
2023-10-17,7,7,7,7,2,5,0,2,1,3,2,0,0,0,0,3,0,0,0,1,3,2,5,2023,10,17,Tuesday,화,0,가을
2023-10-18,7,7,7,7,2,5,0,2,1,3,2,0,0,0,0,3,0,0,0,1,3,2,5,2023,10,18,Wednesday,수,0,가을
2023-10-19,3,3,3,3,1,2,0,1,0,1,1,0,0,0,0,1,0,0,0,1,1,1,2,2023,10,19,Thursday,목,0,가을
2023-10-20,2,2,2,2,1,1,0,0,0,1,1,0,0,0,0,1,0,0,0,0,1,1,1,2023,10,20,Friday,금,0,가을
2023-10-21,1,1,1,1,1,0,0,0,0,0,1,0,0,0,0,0,0,0,0,0,1,1,0,2023,10,21,Saturday,토,1,가을
2024-04-03,1,1,1,1,1,0,0,1,1,1,1,1,0,0,0,0,0,0,0,0,1,1,0,2024,4,3,Wednesday,수,0,봄
2024-04-04,1,1,1,1,1,0,0,1,1,1,1,1,0,0,0,0,0,0,0,0,1,1,0,2024,4,4,Thursday,목,0,봄
2024-04-05,1,1,1,1,1,0,0,1,1,1,1,1,0,0,0,0,0,0,0,0,1,1,0,2024,4,5,Friday,금,0,봄
2024-04-06,1,1,1,1,1,0,0,1,1,1,1,1,0,0,0,0,0,0,0,0,1,1,0,2024,4,6,Saturday,토,1,봄
2024-04-07,1,1,1,1,1,0,0,1,1,1,1,1,0,0,0,0,0,0,0,0,1,1,0,2024,4,7,Sunday,일,1,봄
2024-04-08,1,1,1,1,1,0,0,1,1,1,1,1,0,0,0,0,0,0,0,0,1,1,0,2024,4,8,Monday,월,0,봄
2024-04-09,1,1,1,1,1,0,0,1,1,1,1,1,0,0,0,0,0,0,0,0,1,1,0,2024,4,9,Tuesday,화,0,봄
2024-04-10,1,1,1,1,1,0,0,1,1,1,1,1,0,0,0,0,0,0,0,0,1,1,0,2024,4,10,Wednesday,수,0,봄
2024-04-11,1,1,1,1,1,0,0,1,1,1,1,1,0,0,0,0,0,0,0,0,1,1,0,2024,4,11,Thursday,목,0,봄
2024-04-12,1,1,1,1,1,0,0,1,1,1,1,1,0,0,0,0,0,0,0,0,1,1,0,2024,4,12,Friday,금,0,봄
2024-04-13,1,1,1,1,1,0,0,1,1,1,1,1,0,0,0,0,0,0,0,0,1,1,0,2024,4,13,Saturday,토,1,봄
2024-04-14,1,1,1,1,1,0,0,1,1,1,1,1,0,0,0,0,0,0,0,0,1,1,0,2024,4,14,Sunday,일,1,봄
2024-04-15,1,1,1,1,1,0,0,1,1,1,1,1,0,0,0,0,0,0,0,0,1,1,0,2024,4,15,Monday,월,0,봄
2024-04-16,1,1,1,1,1,0,0,1,1,1,1,1,0,0,0,0,0,0,0,0,1,1,0,2024,4,16,Tuesday,화,0,봄
2024-04-17,2,2,2,2,2,0,0,2,2,1,2,1,0,0,0,0,0,0,0,0,2,2,0,2024,4,17,Wednesday,수,0,봄
2024-04-18,2,2,2,2,2,0,0,2,2,1,2,1,0,0,0,0,0,0,0,0,2,2,0,2024,4,18,Thursday,목,0,봄
2024-04-19,2,2,2,2,2,0,0,2,2,1,2,1,0,0,0,0,0,0,0,0,2,2,0,2024,4,19,Friday,금,0,봄
2024-04-20,2,2,2,2,2,0,0,2,2,1,2,1,0,0,0,0,0,0,0,0,2,2,0,2024,4,20,Saturday,토,1,봄
2024-04-21,2,2,2,2,2,0,0,2,2,1,2,1,0,0,0,0,0,0,0,0,2,2,0,2024,4,21,Sunday,일,1,봄
2024-04-22,2,2,2,2,2,0,0,2,2,1,2,1,0,0,0,0,0,0,0,0,2,2,0,2024,4,22,Monday,월,0,봄
2024-04-23,2,2,2,2,2,0,0,2,2,1,2,1,0,0,0,0,0,0,0,0,2,2,0,2024,4,23,Tuesday,화,0,봄
2024-04-24,2,2,2,2,2,0,0,2,2,1,2,1,0,0,0,0,0,0,0,0,2,2,0,2024,4,24,Wednesday,수,0,봄
2024-04-25,2,2,2,2,2,0,0,2,2,1,2,1,0,0,0,0,0,0,0,0,2,2,0,2024,4,25,Thursday,목,0,봄
2024-04-26,3,3,3,3,3,0,0,3,3,2,3,1,1,1,1,0,0,0,0,0,2,3,0,2024,4,26,Friday,금,0,봄
2024-04-27,9,9,4,9,2,7,0,2,2,1,3,7,7,0,0,0,0,0,0,0,9,2,7,2024,4,27,Saturday,토,1,봄
2024-04-28,10,10,5,10,3,7,0,2,3,2,4,8,7,0,0,1,0,0,0,0,9,3,7,2024,4,28,Sunday,일,1,봄
2024-04-29,10,10,5,10,3,7,0,2,3,2,4,8,7,0,0,1,0,0,0,0,9,3,7,2024,4,29,Monday,월,0,봄
2024-04-30,11,11,6,11,3,8,0,2,3,2,4,8,7,0,0,1,0,0,1,0,9,3,8,2024,4,30,Tuesday,화,0,봄
2024-05-01,13,13,8,13,5,8,0,2,4,3,5,8,8,0,0,1,0,0,0,0,12,5,8,2024,5,1,Wednesday,수,0,봄
2024-05-02,12,12,7,12,4,8,0,2,3,3,4,8,8,0,0,1,0,0,0,0,11,4,8,2024,5,2,Thursday,목,0,봄
2024-05-03,12,12,7,12,4,8,0,2,3,3,4,8,8,0,0,1,0,0,0,0,11,4,8,2024,5,3,Friday,금,0,봄
2024-05-04,15,15,10,15,5,10,0,3,5,5,6,8,8,0,0,3,0,0,0,0,12,5,10,2024,5,4,Saturday,토,1,봄
2024-05-05,13,13,8,13,4,9,0,2,3,3,5,7,8,0,0,2,0,0,0,0,11,4,9,2024,5,5,Sunday,일,1,봄
2024-05-06,1,1,1,1,1,0,0,1,1,0,1,0,0,0,0,0,0,0,0,0,1,1,0,2024,5,6,Monday,월,0,봄
2024-05-07,1,1,1,1,1,0,0,1,1,0,1,0,0,0,0,0,0,0,0,0,1,1,0,2024,5,7,Tuesday,화,0,봄
2024-05-08,1,1,1,1,1,0,0,1,1,0,1,0,0,0,0,0,0,0,0,0,1,1,0,2024,5,8,Wednesday,수,0,봄
2024-05-09,1,1,1,1,1,0,0,1,1,0,1,0,0,0,0,0,0,0,0,0,1,1,0,2024,5,9,Thursday,목,0,봄
2024-05-10,1,1,1,1,1,0,0,1,1,0,1,0,0,0,0,0,0,0,0,0,1,1,0,2024,5,10,Friday,금,0,봄
2024-05-11,1,1,1,1,1,0,0,1,1,0,1,0,0,0,0,0,0,0,0,0,1,1,0,2024,5,11,Saturday,토,1,봄
2024-05-12,1,1,1,1,1,0,0,1,1,0,1,0,0,0,0,0,0,0,0,0,1,1,0,2024,5,12,Sunday,일,1,봄
2024-05-13,1,1,1,1,1,0,0,1,1,0,1,0,0,0,0,0,0,0,0,0,1,1,0,2024,5,13,Monday,월,0,봄
2024-05-14,1,1,1,1,1,0,0,1,1,0,1,0,0,0,0,0,0,0,0,0,1,1,0,2024,5,14,Tuesday,화,0,봄
2024-05-15,1,1,1,1,1,0,0,1,1,0,1,0,0,0,0,0,0,0,0,0,1,1,0,2024,5,15,Wednesday,수,0,봄
2024-05-16,1,1,1,1,1,0,0,1,1,0,1,0,0,0,0,0,0,0,0,0,1,1,0,2024,5,16,Thursday,목,0,봄
2024-05-17,1,1,1,1,1,0,0,1,1,0,1,0,0,0,0,0,0,0,0,0,1,1,0,2024,5,17,Friday,금,0,봄
2024-05-18,1,1,1,1,1,0,0,1,1,0,1,0,0,0,0,0,0,0,0,0,1,1,0,2024,5,18,Saturday,토,1,봄
2024-05-19,1,1,1,1,1,0,0,1,1,0,1,0,0,0,0,0,0,0,0,0,1,1,0,2024,5,19,Sunday,일,1,봄
2024-05-20,1,1,1,1,1,0,0,1,1,0,1,0,0,0,0,0,0,0,0,0,1,1,0,2024,5,20,Monday,월,0,봄
2024-05-21,1,1,1,1,1,0,0,1,1,0,1,0,0,0,0,0,0,0,0,0,1,1,0,2024,5,21,Tuesday,화,0,봄
2024-05-22,1,1,1,1,1,0,0,1,1,0,1,0,0,0,0,0,0,0,0,0,1,1,0,2024,5,22,Wednesday,수,0,봄
2024-05-23,1,1,1,1,1,0,0,1,1,0,1,0,0,0,0,0,0,0,0,0,1,1,0,2024,5,23,Thursday,목,0,봄
2024-05-24,1,1,1,1,1,0,0,1,1,0,1,0,0,0,0,0,0,0,0,0,1,1,0,2024,5,24,Friday,금,0,봄
2024-05-25,1,1,1,1,1,0,0,1,1,0,1,0,0,0,0,0,0,0,0,0,1,1,0,2024,5,25,Saturday,토,1,봄
2024-05-26,1,1,1,1,1,0,0,1,1,0,1,0,0,0,0,0,0,0,0,0,1,1,0,2024,5,26,Sunday,일,1,봄
2024-05-27,1,1,1,1,1,0,0,1,1,0,1,0,0,0,0,0,0,0,0,0,1,1,0,2024,5,27,Monday,월,0,봄
2024-05-28,1,1,1,1,1,0,0,1,1,0,1,0,0,0,0,0,0,0,0,0,1,1,0,2024,5,28,Tuesday,화,0,봄
2024-05-29,1,1,1,1,1,0,0,1,1,0,1,0,0,0,0,0,0,0,0,0,1,1,0,2024,5,29,Wednesday,수,0,봄
2024-05-30,1,1,1,1,1,0,0,1,1,0,1,0,0,0,0,0,0,0,0,0,1,1,0,2024,5,30,Thursday,목,0,봄
2024-05-31,1,1,1,1,1,0,0,1,1,0,1,0,0,0,0,0,0,0,0,0,1,1,0,2024,5,31,Friday,금,0,봄
2024-06-01,1,1,1,1,1,0,0,1,1,0,1,0,0,0,0,0,0,0,0,0,1,1,0,2024,6,1,Saturday,토,1,봄
2024-06-02,1,1,1,1,1,0,0,1,1,0,1,0,0,0,0,0,0,0,0,0,1,1,0,2024,6,2,Sunday,일,1,봄
2024-06-03,1,1,1,1,1,0,0,1,1,0,1,0,0,0,0,0,0,0,0,0,1,1,0,2024,6,3,Monday,월,0,봄
2024-06-04,1,1,1,1,1,0,0,1,1,0,1,0,0,0,0,0,0,0,0,0,1,1,0,2024,6,4,Tuesday,화,0,봄
2024-06-05,1,1,1,1,1,0,0,1,1,0,1,0,0,0,0,0,0,0,0,0,1,1,0,2024,6,5,Wednesday,수,0,봄
2024-06-06,1,1,1,1,1,0,0,1,1,0,1,0,0,0,0,0,0,0,0,0,1,1,0,2024,6,6,Thursday,목,0,봄
2024-06-07,1,1,1,1,1,0,0,1,1,0,1,0,0,0,0,0,0,0,0,0,1,1,0,2024,6,7,Friday,금,0,봄
2024-06-08,1,1,1,1,1,0,0,1,1,0,1,0,0,0,0,0,0,0,0,0,1,1,0,2024,6,8,Saturday,토,1,봄
2024-06-09,1,1,1,1,1,0,0,1,1,0,1,0,0,0,0,0,0,0,0,0,1,1,0,2024,6,9,Sunday,일,1,봄
2024-06-10,1,1,1,1,1,0,0,1,1,0,1,0,0,0,0,0,0,0,0,0,1,1,0,2024,6,10,Monday,월,0,봄
2024-06-11,1,1,1,1,1,0,0,1,1,0,1,0,0,0,0,0,0,0,0,0,1,1,0,2024,6,11,Tuesday,화,0,봄
2024-06-12,1,1,1,1,1,0,0,1,1,0,1,0,0,0,0,0,0,0,0,0,1,1,0,2024,6,12,Wednesday,수,0,봄
2024-06-13,1,1,1,1,1,0,0,1,1,0,1,0,0,0,0,0,0,0,0,0,1,1,0,2024,6,13,Thursday,목,0,봄
2024-06-14,1,1,1,1,1,0,0,1,1,0,1,0,0,0,0,0,0,0,0,0,1,1,0,2024,6,14,Friday,금,0,봄
2024-06-15,1,1,1,1,1,0,0,1,1,0,1,0,0,0,0,0,0,0,0,0,1,1,0,2024,6,15,Saturday,토,1,봄
2024-06-16,1,1,1,1,1,0,0,1,1,0,1,0,0,0,0,0,0,0,0,0,1,1,0,2024,6,16,Sunday,일,1,봄
2024-06-17,1,1,1,1,1,0,0,1,1,0,1,0,0,0,0,0,0,0,0,0,1,1,0,2024,6,17,Monday,월,0,봄
2024-06-18,1,1,1,1,1,0,0,1,1,0,1,0,0,0,0,0,0,0,0,0,1,1,0,2024,6,18,Tuesday,화,0,봄
2024-06-19,1,1,1,1,1,0,0,1,1,0,1,0,0,0,0,0,0,0,0,0,1,1,0,2024,6,19,Wednesday,수,0,봄
2024-06-20,1,1,1,1,1,0,0,1,1,0,1,0,0,0,0,0,0,0,0,0,1,1,0,2024,6,20,Thursday,목,0,봄
2024-06-21,1,1,1,1,1,0,0,1,1,0,1,0,0,0,0,0,0,0,0,0,1,1,0,2024,6,21,Friday,금,0,봄
2024-06-22,1,1,1,1,1,0,0,1,1,0,1,0,0,0,0,0,0,0,0,0,1,1,0,2024,6,22,Saturday,토,1,봄
2024-06-23,1,1,1,1,1,0,0,1,1,0,1,0,0,0,0,0,0,0,0,0,1,1,0,2024,6,23,Sunday,일,1,봄
2024-06-24,1,1,1,1,1,0,0,1,1,0,1,0,0,0,0,0,0,0,0,0,1,1,0,2024,6,24,Monday,월,0,봄
2024-09-04,1,1,1,1,1,0,0,1,1,0,1,0,0,0,0,0,0,0,0,0,1,1,0,2024,9,4,Wednesday,수,0,가을
2024-09-05,1,1,1,1,1,0,0,1,1,0,1,0,0,0,0,0,0,0,0,0,1,1,0,2024,9,5,Thursday,목,0,가을
2024-09-06,1,1,1,1,1,0,0,1,1,0,1,0,0,0,0,0,0,0,0,0,1,1,0,2024,9,6,Friday,금,0,가을
2024-09-07,1,1,1,1,1,0,0,1,1,0,1,0,0,0,0,0,0,0,0,0,1,1,0,2024,9,7,Saturday,토,1,가을
2024-09-08,1,1,1,1,1,0,0,1,1,0,1,0,0,0,0,0,0,0,0,0,1,1,0,2024,9,8,Sunday,일,1,가을
2024-09-09,1,1,1,1,1,0,0,1,1,0,1,0,0,0,0,0,0,0,0,0,1,1,0,2024,9,9,Monday,월,0,가을
2024-09-10,1,1,1,1,1,0,0,1,1,0,1,0,0,0,0,0,0,0,0,0,1,1,0,2024,9,10,Tuesday,화,0,가을
2024-09-11,1,1,1,1,1,0,0,1,1,0,1,0,0,0,0,0,0,0,0,0,1,1,0,2024,9,11,Wednesday,수,0,가을
2024-09-12,1,1,1,1,1,0,0,1,1,0,1,0,0,0,0,0,0,0,0,0,1,1,0,2024,9,12,Thursday,목,0,가을
2024-09-13,1,1,1,1,1,0,0,1,1,0,1,0,0,0,0,0,0,0,0,0,1,1,0,2024,9,13,Friday,금,0,가을
2024-09-14,1,1,1,1,1,0,0,1,1,0,1,0,0,0,0,0,0,0,0,0,1,1,0,2024,9,14,Saturday,토,1,가을
2024-09-15,1,1,1,1,1,0,0,1,1,0,1,0,0,0,0,0,0,0,0,0,1,1,0,2024,9,15,Sunday,일,1,가을
2024-09-16,1,1,1,1,1,0,0,1,1,0,1,0,0,0,0,0,0,0,0,0,1,1,0,2024,9,16,Monday,월,0,가을
2024-09-17,1,1,1,1,1,0,0,1,1,0,1,0,0,0,0,0,0,0,0,0,1,1,0,2024,9,17,Tuesday,화,0,가을
2024-09-18,1,1,1,1,1,0,0,1,1,0,1,0,0,0,0,0,0,0,0,0,1,1,0,2024,9,18,Wednesday,수,0,가을
2024-09-19,1,1,1,1,1,0,0,1,1,0,1,0,0,0,0,0,0,0,0,0,1,1,0,2024,9,19,Thursday,목,0,가을
2024-09-20,1,1,1,1,1,0,0,1,1,0,1,0,0,0,0,0,0,0,0,0,1,1,0,2024,9,20,Friday,금,0,가을
2024-09-21,1,1,1,1,1,0,0,1,1,0,1,0,0,0,0,0,0,0,0,0,1,1,0,2024,9,21,Saturday,토,1,가을
2024-09-22,1,1,1,1,1,0,0,1,1,0,1,0,0,0,0,0,0,0,0,0,1,1,0,2024,9,22,Sunday,일,1,가을
2024-09-23,1,1,1,1,1,0,0,1,1,0,1,0,0,0,0,0,0,0,0,0,1,1,0,2024,9,23,Monday,월,0,가을
2024-09-24,1,1,1,1,1,0,0,1,1,0,1,0,0,0,0,0,0,0,0,0,1,1,0,2024,9,24,Tuesday,화,0,가을
2024-09-25,1,1,1,1,1,0,0,1,1,0,1,0,0,0,0,0,0,0,0,0,1,1,0,2024,9,25,Wednesday,수,0,가을
2024-09-26,1,1,1,1,1,0,0,1,1,0,1,0,0,0,0,0,0,0,0,0,1,1,0,2024,9,26,Thursday,목,0,가을
2024-09-27,1,1,1,1,1,0,0,1,1,0,1,0,0,0,0,0,0,0,0,0,1,1,0,2024,9,27,Friday,금,0,가을
2024-09-28,1,1,1,1,1,0,0,1,1,0,1,0,0,0,0,0,0,0,0,0,1,1,0,2024,9,28,Saturday,토,1,가을
2024-09-29,1,1,1,1,1,0,0,1,1,0,1,0,0,0,0,0,0,0,0,0,1,1,0,2024,9,29,Sunday,일,1,가을
2024-09-30,1,1,1,1,1,0,0,1,1,0,1,0,0,0,0,0,0,0,0,0,1,1,0,2024,9,30,Monday,월,0,가을
2024-10-01,1,1,1,1,1,0,0,1,1,0,1,0,0,0,0,0,0,0,0,0,1,1,0,2024,10,1,Tuesday,화,0,가을
2024-10-02,1,1,1,1,1,0,0,1,1,0,1,0,0,0,0,0,0,0,0,0,1,1,0,2024,10,2,Wednesday,수,0,가을
2024-10-03,1,1,1,1,1,0,0,1,1,0,1,0,0,0,0,0,0,0,0,0,1,1,0,2024,10,3,Thursday,목,0,가을
2024-10-04,1,1,1,1,1,0,0,1,1,0,1,0,0,0,0,0,0,0,0,0,1,1,0,2024,10,4,Friday,금,0,가을
2024-10-05,1,1,1,1,1,0,0,1,1,0,1,0,0,0,0,0,0,0,0,0,1,1,0,2024,10,5,Saturday,토,1,가을
2024-10-06,1,1,1,1,1,0,0,1,1,0,1,0,0,0,0,0,0,0,0,0,1,1,0,2024,10,6,Sunday,일,1,가을
2024-10-07,1,1,1,1,1,0,0,1,1,0,1,0,0,0,0,0,0,0,0,0,1,1,0,2024,10,7,Monday,월,0,가을
2024-10-08,1,1,1,1,1,0,0,1,1,0,1,0,0,0,0,0,0,0,0,0,1,1,0,2024,10,8,Tuesday,화,0,가을
2024-10-09,12,12,8,12,3,9,0,3,2,1,11,6,6,5,0,0,2,0,1,1,8,3,9,2024,10,9,Wednesday,수,0,가을
2024-10-10,13,13,9,13,4,9,0,3,3,2,12,6,8,5,0,2,1,0,1,1,8,4,9,2024,10,10,Thursday,목,0,가을
2024-10-11,13,13,9,13,4,9,0,3,3,2,12,6,8,5,0,2,1,0,1,1,8,4,9,2024,10,11,Friday,금,0,가을
2024-10-12,13,13,9,13,3,10,0,3,2,2,11,6,7,4,0,2,1,0,1,1,8,3,10,2024,10,12,Saturday,토,1,가을
2024-10-13,13,13,9,13,3,10,0,3,2,2,11,6,7,4,0,2,1,0,1,1,8,3,10,2024,10,13,Sunday,일,1,가을
2024-10-14,1,1,1,1,1,0,0,1,1,0,1,0,0,0,0,0,0,0,0,0,1,1,0,2024,10,14,Monday,월,0,가을
2024-10-15,1,1,1,1,1,0,0,1,1,0,1,0,0,0,0,0,0,0,0,0,1,1,0,2024,10,15,Tuesday,화,0,가을
2024-10-16,1,1,1,1,1,0,0,1,1,0,1,0,0,0,0,0,0,0,0,0,1,1,0,2024,10,16,Wednesday,수,0,가을
2024-10-17,1,1,1,1,1,0,0,1,1,0,1,0,0,0,0,0,0,0,0,0,1,1,0,2024,10,17,Thursday,목,0,가을
2024-10-18,1,1,1,1,1,0,0,1,1,0,1,0,0,0,0,0,0,0,0,0,1,1,0,2024,10,18,Friday,금,0,가을
2024-10-19,1,1,1,1,1,0,0,1,1,0,1,0,0,0,0,0,0,0,0,0,1,1,0,2024,10,19,Saturday,토,1,가을
2024-10-20,1,1,1,1,1,0,0,1,1,0,1,0,0,0,0,0,0,0,0,0,1,1,0,2024,10,20,Sunday,일,1,가을
2024-10-21,1,1,1,1,1,0,0,1,1,0,1,0,0,0,0,0,0,0,0,0,1,1,0,2024,10,21,Monday,월,0,가을
2024-10-22,1,1,1,1,1,0,0,1,1,0,1,0,0,0,0,0,0,0,0,0,1,1,0,2024,10,22,Tuesday,화,0,가을
2024-10-23,1,1,1,1,1,0,0,1,1,0,1,0,0,0,0,0,0,0,0,0,1,1,0,2024,10,23,Wednesday,수,0,가을
2024-10-24,1,1,1,1,1,0,0,1,1,0,1,0,0,0,0,0,0,0,0,0,1,1,0,2024,10,24,Thursday,목,0,가을
2024-10-25,1,1,1,1,1,0,0,1,1,0,1,0,0,0,0,0,0,0,0,0,1,1,0,2024,10,25,Friday,금,0,가을
2024-10-26,1,1,1,1,1,0,0,1,1,0,1,0,0,0,0,0,0,0,0,0,1,1,0,2024,10,26,Saturday,토,1,가을
2024-10-27,1,1,1,1,1,0,0,1,1,0,1,0,0,0,0,0,0,0,0,0,1,1,0,2024,10,27,Sunday,일,1,가을
2024-10-28,1,1,1,1,1,0,0,1,1,0,1,0,0,0,0,0,0,0,0,0,1,1,0,2024,10,28,Monday,월,0,가을
2024-10-29,1,1,1,1,1,0,0,1,1,0,1,0,0,0,0,0,0,0,0,0,1,1,0,2024,10,29,Tuesday,화,0,가을
2024-10-30,1,1,1,1,1,0,0,1,1,0,1,0,0,0,0,0,0,0,0,0,1,1,0,2024,10,30,Wednesday,수,0,가을
2024-10-31,1,1,1,1,1,0,0,1,1,0,1,0,0,0,0,0,0,0,0,0,1,1,0,2024,10,31,Thursday,목,0,가을
2025-04-25,4,4,4,3,3,1,0,2,3,2,4,1,0,0,1,0,0,0,1,0,2,3,1,2025,4,25,Friday,금,0,봄
2025-04-26,15,15,10,14,4,11,0,2,5,5,15,8,7,0,0,0,3,0,1,0,11,4,11,2025,4,26,Saturday,토,1,봄
2025-04-27,15,15,10,14,4,11,0,2,5,5,15,8,7,0,0,0,3,0,1,0,11,4,11,2025,4,27,Sunday,일,1,봄
2025-04-28,15,15,10,14,4,11,0,2,5,5,15,8,7,0,0,0,3,0,1,0,11,4,11,2025,4,28,Monday,월,0,봄
2025-04-29,15,15,10,14,4,11,0,2,5,5,15,8,7,0,0,0,3,0,1,0,11,4,11,2025,4,29,Tuesday,화,0,봄
2025-04-30,15,15,10,14,4,11,0,2,5,5,15,8,7,0,0,0,3,0,1,0,11,4,11,2025,4,30,Wednesday,수,0,봄
2025-05-01,14,14,9,13,4,10,0,1,3,2,13,7,7,0,0,0,0,0,1,0,13,4,10,2025,5,1,Thursday,목,0,봄
2025-05-02,14,14,9,13,2,12,0,1,4,3,13,7,7,0,0,0,0,0,2,0,12,2,12,2025,5,2,Friday,금,0,봄
2025-05-03,15,15,10,14,3,12,0,1,4,5,14,7,7,0,0,2,0,0,1,0,12,3,12,2025,5,3,Saturday,토,1,봄
2025-05-04,14,14,9,13,3,11,0,1,4,4,13,7,7,0,0,1,0,0,1,0,12,3,11,2025,5,4,Sunday,일,1,봄
2025-05-05,1,1,1,1,1,0,0,0,0,1,1,0,0,0,0,1,0,0,0,0,0,1,0,2025,5,5,Monday,월,0,봄
2025-10-08,5,5,5,3,3,2,0,0,1,0,3,1,1,1,1,0,0,1,2,0,1,3,2,2025,10,8,Wednesday,수,0,가을
2025-10-09,5,5,5,3,3,2,0,0,1,0,3,1,1,1,1,0,0,1,2,0,1,3,2,2025,10,9,Thursday,목,0,가을
2025-10-10,5,5,5,3,3,2,0,0,2,1,4,1,1,1,0,1,0,1,2,0,1,3,2,2025,10,10,Friday,금,0,가을
2025-10-11,4,4,4,3,2,2,0,0,1,0,3,1,1,0,0,0,0,1,2,0,1,2,2,2025,10,11,Saturday,토,1,가을
2025-10-12,4,4,4,3,2,2,0,0,1,0,3,1,1,0,0,0,0,1,2,0,1,2,2,2025,10,12,Sunday,일,1,가을
