round_id,round_label,program_idx,title_original,title_clean,title_base,place_single,program_type_clean,program_type_group,participation_type_clean,start_date,end_date,duration_days,year,month,season,has_time,start_time_first,end_time_first,duration_minutes_first,detail_url,image_url,has_reward,has_children,has_night,has_music,has_food,has_guide,has_hanbok,has_reservation_notice,has_fee_info,has_rain_notice
28,11회,706,2025년 국제심포지엄 및 시연회,국제심포지엄 및 시연회,국제심포지엄 및 시연회,경복궁,공연,관람형,사전예약,2025-10-10,2025-10-10,1,2025,10,가을,0,,,,https://www.kh.or.kr/program/view/menu/1292?viewType=ach&idx=706&searchRound=28&searchStTime=&searchEnTime=&searchField=homeAll&searchText=,https://www.kh.or.kr/jnrepo/upload/jnPrgFestivalProgram/202509/234bc5069cb04613a7e9da142a65c712_1759129048356.jpg,0,1,0,1,1,0,1,1,1,1
28,11회,693,경복궁 한복 연향,경복궁 한복 연향,한복 연향,경복궁,공식행사,행사형,사전예약,2025-10-08,2025-10-09,2,2025,10,가을,0,,,,https://www.kh.or.kr/program/view/menu/1292?viewType=ach&idx=693&searchRound=28&searchStTime=&searchEnTime=&searchField=homeAll&searchText=,https://www.kh.or.kr/jnrepo/upload/jnPrgFestivalProgram/202509/914416a11fde4e04b79834fe3b970133_1757545440117.jpg,0,0,0,0,0,0,1,1,0,0
28,11회,660,수문장 교대의식(하반기),수문장 교대의식(하반기),수문장 교대의식(하반기),경복궁,재현,관람형,현장참여,2025-10-08,2025-10-12,5,2025,10,가을,1,10:00,14:00,,https://www.kh.or.kr/program/view/menu/1292?viewType=ach&idx=660&searchRound=28&searchStTime=&searchEnTime=&searchField=homeAll&searchText=,https://www.kh.or.kr/jnrepo/upload/jnPrgFestivalProgram/202509/0ba9317a9bbc4751a80a7eee7f48b92d_1758046092562.JPG,0,0,0,0,1,0,0,0,0,1
28,11회,659,2025년 경복궁 생과방(하반기),경복궁 생과방(하반기),생과방(하반기),경복궁,체험,참여형,사전예약,2025-10-08,2025-10-12,5,2025,10,가을,1,10:00,11:40,,https://www.kh.or.kr/program/view/menu/1292?viewType=ach&idx=659&searchRound=28&searchStTime=&searchEnTime=&searchField=homeAll&searchText=,https://www.kh.or.kr/jnrepo/upload/jnPrgFestivalProgram/202509/b6ce630ed4fb4210acf34a1c87188832_1757556764615.JPG,0,1,0,0,1,0,0,1,1,1
28,11회,527,경복궁 왕가의 산책,경복궁 왕가의 산책,왕가의 산책,경복궁,재현,관람형,현장참여,2025-10-08,2025-10-12,5,2025,10,가을,1,11:30,14:30,50,https://www.kh.or.kr/program/view/menu/1292?viewType=ach&idx=527&searchRound=28&searchStTime=&searchEnTime=&searchField=homeAll&searchText=,https://www.kh.or.kr/jnrepo/upload/jnPrgFestivalProgram/202408/92835afa0a214c7c9b433a19668a8f78_1724820270391.jpg,0,0,0,0,1,1,0,0,0,1
28,11회,688,특별 굿즈 <궁패스 노리개>,특별 굿즈 <궁패스 노리개>,특별 굿즈 <궁패스 노리개>,경복궁,온라인,기타,사전예약,2025-10-08,2025-10-12,5,2025,10,가을,0,,,,https://www.kh.or.kr/program/view/menu/1292?viewType=ach&idx=688&searchRound=28&searchStTime=&searchEnTime=&searchField=homeAll&searchText=,https://www.kh.or.kr/jnrepo/upload/jnPrgFestivalProgram/202509/c38ed0ab408b464aa315ed29a917feb9_1757544873959.jpg,1,0,0,0,0,0,0,1,0,0
26,11회,644,세종대왕자태실 태봉안행차 재현 행사,세종대왕자태실 태봉안행차 재현 행사,세종대왕자태실 태봉안행차 재현 행사,경복궁,재현,관람형,현장참여,2025-05-02,2025-05-02,1,2025,5,봄,1,14:00,15:00,,https://www.kh.or.kr/program/view/menu/1292?viewType=ach&idx=644&searchRound=26&searchStTime=&searchEnTime=&searchField=homeAll&searchText=,https://www.kh.or.kr/jnrepo/upload/jnPrgFestivalProgram/202504/2bfa26674f64492aa40c12fc90a9d02a_1744629577610.jpg,0,0,0,0,1,0,0,0,0,0
26,11회,637,2025 봄 궁중문화축전 스탬프 투어,스탬프 투어,스탬프 투어,경복궁,체험,참여형,현장참여,2025-04-26,2025-05-04,9,2025,4,봄,1,09:00,18:00,,https://www.kh.or.kr/program/view/menu/1292?viewType=ach&idx=637&searchRound=26&searchStTime=&searchEnTime=&searchField=homeAll&searchText=,https://www.kh.or.kr/jnrepo/upload/jnPrgFestivalProgram/202504/b97eed763ec64443abea3a8c41eb5e25_1745635456811.jpg,1,0,0,0,1,1,0,0,1,1
26,11회,630,열아홉 화협옹주의 꽃단장,열아홉 화협옹주의 꽃단장,열아홉 화협옹주의 꽃단장,경복궁,체험,참여형,사전예약,2025-05-01,2025-05-01,1,2025,5,봄,1,10:10,12:10,,https://www.kh.or.kr/program/view/menu/1292?viewType=ach&idx=630&searchRound=26&searchStTime=&searchEnTime=&searchField=homeAll&searchText=,https://www.kh.or.kr/jnrepo/upload/jnPrgFestivalProgram/202504/a863bd6b72984ee0a7194d961243f9fe_1743934819437.jpg,0,0,0,0,0,0,0,1,0,0
26,11회,629,국립고궁박물관-어차 MZ 워크샵,국립고궁박물관-어차 MZ 워크샵,국립고궁박물관-어차 MZ 워크샵,경복궁,체험,참여형,사전예약,2025-05-01,2025-05-01,1,2025,5,봄,1,13:30,15:30,,https://www.kh.or.kr/program/view/menu/1292?viewType=ach&idx=629&searchRound=26&searchStTime=&searchEnTime=&searchField=homeAll&searchText=,https://www.kh.or.kr/jnrepo/upload/jnPrgFestivalProgram/202504/057b11c7211f431987e4b525373f671a_1745071283214.jpg,0,0,0,0,1,0,0,1,0,0
26,11회,578,경복궁 수문장 교대의식,경복궁 수문장 교대의식,수문장 교대의식,경복궁,재현,관람형,현장참여,2025-04-25,2025-05-04,10,2025,4,봄,1,10:00,14:00,20,https://www.kh.or.kr/program/view/menu/1292?viewType=ach&idx=578&searchRound=26&searchStTime=&searchEnTime=&searchField=homeAll&searchText=,https://www.kh.or.kr/jnrepo/upload/jnPrgFestivalProgram/202503/a43c31457a7d435cb4199e7bbdadecd0_1742217513382.jpg,0,0,0,0,1,0,0,0,0,1
26,11회,577,경복궁 생과방,경복궁 생과방,생과방,경복궁,체험,참여형,사전예약,2025-04-25,2025-05-04,10,2025,4,봄,1,10:00,11:40,70,https://www.kh.or.kr/program/view/menu/1292?viewType=ach&idx=577&searchRound=26&searchStTime=&searchEnTime=&searchField=homeAll&searchText=,https://www.kh.or.kr/jnrepo/upload/jnPrgFestivalProgram/202503/1418530216d34c83b1f7dc1aaa7b7efe_1742217327696.JPG,0,1,0,0,1,0,0,1,1,1
26,11회,576,경복궁 별빛야행,경복궁 별빛야행,별빛야행,경복궁,체험,참여형,사전예약,2025-04-25,2025-05-04,10,2025,4,봄,1,18:40,19:40,110,https://www.kh.or.kr/program/view/menu/1292?viewType=ach&idx=576&searchRound=26&searchStTime=&searchEnTime=&searchField=homeAll&searchText=,https://www.kh.or.kr/jnrepo/upload/jnPrgFestivalProgram/202503/eec5cbd201c748a6b01e2233955e447f_1742216535954.jpg,0,1,1,1,1,1,0,1,1,1
26,11회,575,고궁음악회-100인의 ‘여민동락(與民同樂)’,고궁음악회-100인의 ‘여민동락(與民同樂)’,고궁음악회-100인의 ‘여민동락(與民同樂)’,경복궁,공연,관람형,사전예약,2025-05-03,2025-05-05,3,2025,5,봄,1,19:30,20:30,,https://www.kh.or.kr/program/view/menu/1292?viewType=ach&idx=575&searchRound=26&searchStTime=&searchEnTime=&searchField=homeAll&searchText=,https://www.kh.or.kr/jnrepo/upload/jnPrgFestivalProgram/202503/f465a909ebab446aae38f670ce30e4d8_1742187992500.jpg,0,0,0,1,1,0,0,1,0,1
26,11회,574,궁중놀이방-경복궁,궁중놀이방-경복궁,궁중놀이방,경복궁,체험,참여형,현장참여,2025-04-26,2025-05-04,9,2025,4,봄,0,,,,https://www.kh.or.kr/program/view/menu/1292?viewType=ach&idx=574&searchRound=26&searchStTime=&searchEnTime=&searchField=homeAll&searchText=,https://www.kh.or.kr/jnrepo/upload/jnPrgFestivalProgram/202503/cec39b9b33954be09ea784cbd3812aa7_1742187812203.jpg,0,0,0,0,1,0,0,0,0,1
26,11회,573,궁중문화축전 길놀이-경복궁,길놀이-경복궁,길놀이,경복궁,공연,관람형,현장참여,2025-05-03,2025-05-03,1,2025,5,봄,1,14:30,16:00,50,https://www.kh.or.kr/program/view/menu/1292?viewType=ach&idx=573&searchRound=26&searchStTime=&searchEnTime=&searchField=homeAll&searchText=,https://www.kh.or.kr/jnrepo/upload/jnPrgFestivalProgram/202503/91842109d7b2402dbd1167ae130e22ac_1742187607186.jpg,0,0,0,1,1,0,0,0,0,0
26,11회,572,봄날의 경회루,날의 경회루,날의 경회루,경복궁,체험,참여형,현장참여,2025-04-26,2025-05-04,9,2025,4,봄,1,11:00,15:00,90,https://www.kh.or.kr/program/view/menu/1292?viewType=ach&idx=572&searchRound=26&searchStTime=&searchEnTime=&searchField=homeAll&searchText=,https://www.kh.or.kr/jnrepo/upload/jnPrgFestivalProgram/202503/552a0c8fabfa421faba64794a16b9048_1742187470235.jpg,0,1,0,1,1,0,0,1,1,1
26,11회,571,어린이 궁중문화축전-궁중직업실록,어린이 궁중문화축전-궁중직업실록,어린이 궁중문화축전-궁중직업실록,경복궁,체험,참여형,현장참여,2025-05-02,2025-05-04,3,2025,5,봄,1,10:00,17:30,,https://www.kh.or.kr/program/view/menu/1292?viewType=ach&idx=571&searchRound=26&searchStTime=&searchEnTime=&searchField=homeAll&searchText=,https://www.kh.or.kr/jnrepo/upload/jnPrgFestivalProgram/202503/80c1384af9484869bca8afc5309937ed_1742187079860.jpg,0,1,0,1,0,0,0,1,1,0
26,11회,570,K-Heritage마켓,K-Heritage마켓,K-Heritage마켓,경복궁,체험,참여형,현장참여,2025-04-26,2025-05-04,9,2025,4,봄,1,10:00,17:00,,https://www.kh.or.kr/program/view/menu/1292?viewType=ach&idx=570&searchRound=26&searchStTime=&searchEnTime=&searchField=homeAll&searchText=,https://www.kh.or.kr/jnrepo/upload/jnPrgFestivalProgram/202503/67d4d2816fa342dc9f608fc8fe456598_1742186948715.jpg,1,0,0,0,1,0,0,0,0,0
26,11회,569,"시간여행, 세종-한밤의 시간여행","시간여행, 세종-한밤의 시간여행","시간여행, 세종-한밤의 시간여행",경복궁,복합,복합형,사전예약,2025-04-26,2025-04-30,5,2025,4,봄,1,19:00,21:00,,https://www.kh.or.kr/program/view/menu/1292?viewType=ach&idx=569&searchRound=26&searchStTime=&searchEnTime=&searchField=homeAll&searchText=,https://www.kh.or.kr/jnrepo/upload/jnPrgFestivalProgram/202503/1325f216bfc34876808ade41b38dfa7a_1742184999844.jpg,0,1,1,1,1,0,0,1,1,1
26,11회,568,"시간여행, 세종-궁중새내기","시간여행, 세종-궁중새내기","시간여행, 세종-궁중새내기",경복궁,복합,복합형,사전예약,2025-04-26,2025-04-30,5,2025,4,봄,1,10:00,14:00,,https://www.kh.or.kr/program/view/menu/1292?viewType=ach&idx=568&searchRound=26&searchStTime=&searchEnTime=&searchField=homeAll&searchText=,https://www.kh.or.kr/jnrepo/upload/jnPrgFestivalProgram/202503/02742747137f42d0a2dd9ac0edf37d20_1742184693459.jpg,0,1,0,1,1,0,0,1,1,1
26,11회,567,"시간여행, 세종-궁중 일상재현","시간여행, 세종-궁중 일상재현","시간여행, 세종-궁중 일상재현",경복궁,복합,복합형,현장참여,2025-04-26,2025-04-30,5,2025,4,봄,1,11:00,15:00,,https://www.kh.or.kr/program/view/menu/1292?viewType=ach&idx=567&searchRound=26&searchStTime=&searchEnTime=&searchField=homeAll&searchText=,https://www.kh.or.kr/jnrepo/upload/jnPrgFestivalProgram/202503/076534fa772343febd532305c9f8abcf_1742184476605.jpg,0,0,0,1,1,1,0,1,0,1
26,11회,566,2025년 궁중문화축전 개막제,개막제,개막제,경복궁,공식행사,행사형,사전예약,2025-04-25,2025-04-25,1,2025,4,봄,0,,,,https://www.kh.or.kr/program/view/menu/1292?viewType=ach&idx=566&searchRound=26&searchStTime=&searchEnTime=&searchField=homeAll&searchText=,https://www.kh.or.kr/jnrepo/upload/jnPrgFestivalProgram/202503/3d7f5ef9acb54c09b77b166969b6a6fb_1742184257701.jpg,0,1,1,1,1,0,0,1,1,1
26,11회,638,2025 봄 궁중문화축전 스탬프 투어,스탬프 투어,스탬프 투어,경복궁,체험,참여형,현장참여,2025-04-26,2025-05-04,9,2025,4,봄,1,09:00,18:00,,https://www.kh.or.kr/program/view/menu/1292?viewType=ach&idx=638&searchRound=26&searchStTime=&searchEnTime=&searchField=homeAll&searchText=,https://www.kh.or.kr/jnrepo/upload/jnPrgFestivalProgram/202504/cd8e199bf94546c8a26da3f1e2eece73_1745636179347.jpg,1,0,0,0,1,1,0,0,1,1
26,11회,639,2025 봄 궁중문화축전 스탬프 투어,스탬프 투어,스탬프 투어,경복궁,체험,참여형,현장참여,2025-04-26,2025-05-04,9,2025,4,봄,1,09:00,18:00,,https://www.kh.or.kr/program/view/menu/1292?viewType=ach&idx=639&searchRound=26&searchStTime=&searchEnTime=&searchField=homeAll&searchText=,https://www.kh.or.kr/jnrepo/upload/jnPrgFestivalProgram/202504/a911a0edf38f4ddeb9b2dbe737f063ab_1745635668436.jpg,1,0,0,0,1,1,0,0,1,1
26,11회,640,2025 봄 궁중문화축전 스탬프 투어,스탬프 투어,스탬프 투어,경복궁,체험,참여형,현장참여,2025-04-26,2025-05-04,9,2025,4,봄,1,09:00,18:00,,https://www.kh.or.kr/program/view/menu/1292?viewType=ach&idx=640&searchRound=26&searchStTime=&searchEnTime=&searchField=homeAll&searchText=,https://www.kh.or.kr/jnrepo/upload/jnPrgFestivalProgram/202504/444d79ed62d44749925b5026836df37b_1744625737906.jpg,1,0,0,0,1,1,0,0,1,1
26,11회,641,2025 봄 궁중문화축전 스탬프 투어,스탬프 투어,스탬프 투어,경복궁,체험,참여형,현장참여,2025-04-26,2025-05-04,9,2025,4,봄,1,09:00,18:00,,https://www.kh.or.kr/program/view/menu/1292?viewType=ach&idx=641&searchRound=26&searchStTime=&searchEnTime=&searchField=homeAll&searchText=,https://www.kh.or.kr/jnrepo/upload/jnPrgFestivalProgram/202504/6d6a7567ed6848ce9a92bd4b156f9d65_1745635738281.jpg,1,0,0,0,1,1,0,0,1,1
26,11회,642,2025 봄 궁중문화축전 스탬프 투어,스탬프 투어,스탬프 투어,경복궁,체험,참여형,현장참여,2025-04-26,2025-05-04,9,2025,4,봄,1,09:00,18:00,,https://www.kh.or.kr/program/view/menu/1292?viewType=ach&idx=642&searchRound=26&searchStTime=&searchEnTime=&searchField=homeAll&searchText=,https://www.kh.or.kr/jnrepo/upload/jnPrgFestivalProgram/202504/7d5b48678ea84ef1b1edbf2cb1da11b6_1745636161086.jpg,1,0,0,0,1,1,0,0,1,1
23,10회,526,"대한황실문화원 기획 프로그램 - 자경전, 왕(王)의 효심(孝心)으로 물들이다","대한황실문화원 기획 프로그램 - 자경전, 왕(王)의 효심(孝心)으로 물들이다","대한황실문화원 기획 프로그램 - 자경전, 왕(王)의 효심(孝心)으로 물들이다",경복궁,복합,복합형,현장참여,2024-10-09,2024-10-13,5,2024,10,가을,1,10:00,17:00,,https://www.kh.or.kr/program/view/menu/1292?viewType=ach&idx=526&searchRound=23&searchStTime=&searchEnTime=&searchField=homeAll&searchText=,https://www.kh.or.kr/jnrepo/upload/jnPrgFestivalProgram/202408/0286e54418dd4f46aec1832d57c6cbdd_1724820001433.jpg,0,0,0,0,1,0,1,0,1,1
23,10회,525,고궁 속 아름다운 한복 이야기 사진전,고궁 속 아름다운 한복 이야기 사진전,고궁 속 아름다운 한복 이야기 사진전,경복궁,전시,관람형,현장참여,2024-10-09,2024-10-13,5,2024,10,가을,1,10:00,17:00,,https://www.kh.or.kr/program/view/menu/1292?viewType=ach&idx=525&searchRound=23&searchStTime=&searchEnTime=&searchField=homeAll&searchText=,https://www.kh.or.kr/jnrepo/upload/jnPrgFestivalProgram/202410/b36846e8406e48e5ac675102f2df222d_1727925573977.jpg,0,0,0,0,1,0,1,1,0,0
23,10회,524,"인문학 콘서트-한복, 천태만상","인문학 콘서트-한복, 천태만상","인문학 콘서트-한복, 천태만상",경복궁,공연,관람형,사전예약,2024-10-10,2024-10-11,2,2024,10,가을,1,16:00,17:30,,https://www.kh.or.kr/program/view/menu/1292?viewType=ach&idx=524&searchRound=23&searchStTime=&searchEnTime=&searchField=homeAll&searchText=,https://www.kh.or.kr/jnrepo/upload/jnPrgFestivalProgram/202408/fac20bb9050a46b7b9d83090efba1b3d_1724819672603.png,1,1,0,1,1,0,1,1,1,1
23,10회,523,경복궁 상의원,경복궁 상의원,상의원,경복궁,체험,참여형,사전예약,2024-10-09,2024-10-13,5,2024,10,가을,1,10:00,17:00,,https://www.kh.or.kr/program/view/menu/1292?viewType=ach&idx=523&searchRound=23&searchStTime=&searchEnTime=&searchField=homeAll&searchText=,https://www.kh.or.kr/jnrepo/upload/jnPrgFestivalProgram/202408/9b587dc2b32e4a58b1d988f97e5b06a4_1724734359528.jpg,0,0,1,0,1,0,1,1,1,1
23,10회,522,경복궁 한복 연향,경복궁 한복 연향,한복 연향,경복궁,복합,복합형,사전예약,2024-10-09,2024-10-09,1,2024,10,가을,1,19:00,21:00,,https://www.kh.or.kr/program/view/menu/1292?viewType=ach&idx=522&searchRound=23&searchStTime=&searchEnTime=&searchField=homeAll&searchText=,https://www.kh.or.kr/jnrepo/upload/jnPrgFestivalProgram/202408/81c4b752f57c4a04b96bde33292e1e82_1724733991607.jpg,0,1,1,1,1,1,1,1,1,1
23,10회,520,궁중문화축전 길놀이,길놀이,길놀이,경복궁,공연,관람형,현장참여,2024-10-12,2024-10-12,1,2024,10,가을,1,13:30,15:30,,https://www.kh.or.kr/program/view/menu/1292?viewType=ach&idx=520&searchRound=23&searchStTime=&searchEnTime=&searchField=homeAll&searchText=,https://www.kh.or.kr/jnrepo/upload/jnPrgFestivalProgram/202408/b66c88ce010d4ef29b5959c85fb707f6_1724733372881.png,0,0,0,1,0,0,0,0,0,1
23,10회,518,고궁음악회 발레x수제천,고궁음악회 발레x수제천,고궁음악회 발레x수제천,경복궁,공연,관람형,사전예약,2024-10-10,2024-10-13,4,2024,10,가을,1,19:00,20:10,,https://www.kh.or.kr/program/view/menu/1292?viewType=ach&idx=518&searchRound=23&searchStTime=&searchEnTime=&searchField=homeAll&searchText=,https://www.kh.or.kr/jnrepo/upload/jnPrgFestivalProgram/202408/74787dd67dd647508c56f1f48b55ab3f_1724725777915.png,1,1,1,1,1,1,0,1,1,1
23,10회,516,경복궁 생과방,경복궁 생과방,생과방,경복궁,체험,참여형,사전예약,2024-09-04,2024-10-31,58,2024,9,가을,1,10:00,11:40,,https://www.kh.or.kr/program/view/menu/1292?viewType=ach&idx=516&searchRound=23&searchStTime=&searchEnTime=&searchField=homeAll&searchText=,https://www.kh.or.kr/jnrepo/upload/jnPrgFestivalProgram/202408/670ad368703347e58a3950a27c25eaf6_1724635146793.jpg,0,1,1,0,1,0,0,1,1,1
23,10회,511,궁중문화축전 스탬프 투어,스탬프 투어,스탬프 투어,경복궁,체험,참여형,현장참여,2024-10-09,2024-10-13,5,2024,10,가을,1,09:00,18:00,,https://www.kh.or.kr/program/view/menu/1292?viewType=ach&idx=511&searchRound=23&searchStTime=&searchEnTime=&searchField=homeAll&searchText=,https://www.kh.or.kr/jnrepo/upload/jnPrgFestivalProgram/202408/bf5dd93e017246b68cc2bd9eb3b5063d_1724382870864.jpg,1,0,0,0,1,1,0,0,1,1
23,10회,328,수문장 교대의식,수문장 교대의식,수문장 교대의식,경복궁,재현,관람형,현장참여,2024-10-09,2024-10-13,5,2024,10,가을,1,10:00,14:00,,https://www.kh.or.kr/program/view/menu/1292?viewType=ach&idx=328&searchRound=23&searchStTime=&searchEnTime=&searchField=homeAll&searchText=,https://www.kh.or.kr/jnrepo/upload/jnPrgFestivalProgram/202304/f862b315f7b646098ac96d1a2f74a752_1681741485825.PNG,0,0,0,0,0,0,0,0,0,0
23,10회,512,궁중문화축전 스탬프 투어,스탬프 투어,스탬프 투어,경복궁,체험,참여형,현장참여,2024-10-09,2024-10-13,5,2024,10,가을,1,09:00,18:00,,https://www.kh.or.kr/program/view/menu/1292?viewType=ach&idx=512&searchRound=23&searchStTime=&searchEnTime=&searchField=homeAll&searchText=,https://www.kh.or.kr/jnrepo/upload/jnPrgFestivalProgram/202408/8640d18a53614aa58ef2b214ee13c4a9_1724383425851.JPG,1,0,0,0,1,1,0,0,1,1
23,10회,513,궁중문화축전 스탬프 투어,스탬프 투어,스탬프 투어,경복궁,체험,참여형,현장참여,2024-10-09,2024-10-13,5,2024,10,가을,1,09:00,18:00,,https://www.kh.or.kr/program/view/menu/1292?viewType=ach&idx=513&searchRound=23&searchStTime=&searchEnTime=&searchField=homeAll&searchText=,https://www.kh.or.kr/jnrepo/upload/jnPrgFestivalProgram/202408/7b10e281b14d45898186e7537e8fc212_1724383304933.JPG,1,0,0,0,1,1,0,0,1,1
23,10회,521,궁중문화축전 길놀이,길놀이,길놀이,경복궁,공연,관람형,현장참여,2024-10-13,2024-10-13,1,2024,10,가을,1,14:00,16:00,,https://www.kh.or.kr/program/view/menu/1292?viewType=ach&idx=521&searchRound=23&searchStTime=&searchEnTime=&searchField=homeAll&searchText=,https://www.kh.or.kr/jnrepo/upload/jnPrgFestivalProgram/202408/a18bfef5a53b4a55829d4e17340d30ba_1724733438248.png,0,0,0,1,0,0,0,0,0,1
23,10회,514,궁중문화축전 스탬프 투어,스탬프 투어,스탬프 투어,경복궁,체험,참여형,현장참여,2024-10-09,2024-10-13,5,2024,10,가을,1,09:00,18:00,,https://www.kh.or.kr/program/view/menu/1292?viewType=ach&idx=514&searchRound=23&searchStTime=&searchEnTime=&searchField=homeAll&searchText=,https://www.kh.or.kr/jnrepo/upload/jnPrgFestivalProgram/202408/1495c5328ff24c3881e7e02038eb390b_1724383128593.jpg,1,0,0,0,1,1,0,0,1,1
23,10회,515,궁중문화축전 스탬프 투어,스탬프 투어,스탬프 투어,경복궁,체험,참여형,현장참여,2024-10-09,2024-10-13,5,2024,10,가을,1,09:00,18:00,,https://www.kh.or.kr/program/view/menu/1292?viewType=ach&idx=515&searchRound=23&searchStTime=&searchEnTime=&searchField=homeAll&searchText=,https://www.kh.or.kr/jnrepo/upload/jnPrgFestivalProgram/202408/007fbf2e3e134d99a36052cc3d9e7220_1724383095704.jpg,1,0,0,0,1,1,0,0,1,1
23,10회,532,한복 베스트 드레서 선발 이벤트,한복 베스트 드레서 선발 이벤트,한복 베스트 드레서 선발 이벤트,경복궁,체험,참여형,현장참여,2024-10-09,2024-10-13,5,2024,10,가을,1,10:00,17:00,,https://www.kh.or.kr/program/view/menu/1292?viewType=ach&idx=532&searchRound=23&searchStTime=&searchEnTime=&searchField=homeAll&searchText=,https://www.kh.or.kr/jnrepo/upload/jnPrgFestivalProgram/202409/218c5fbba25148f58ffcbad0f9e20912_1725271605354.jpg,1,0,0,0,1,0,1,0,0,0
20,10회,486,궁중문화축전 길놀이(경복궁),길놀이(경복궁),길놀이(경복궁),경복궁,공연,관람형,현장참여,2024-05-04,2024-05-04,1,2024,5,봄,1,14:30,16:00,,https://www.kh.or.kr/program/view/menu/1292?viewType=ach&idx=486&searchRound=20&searchStTime=&searchEnTime=&searchField=homeAll&searchText=,https://www.kh.or.kr/jnrepo/upload/jnPrgFestivalProgram/202404/2847249b7aa84337a9acacb7bb35a539_1712824917658.jpg,0,1,0,1,0,0,0,0,0,1
20,10회,485,"시간여행, 세종-마음으로, 궁","시간여행, 세종-마음으로, 궁","시간여행, 세종-마음으로, 궁",경복궁,체험,참여형,현장참여,2024-05-04,2024-05-05,2,2024,5,봄,1,11:00,13:00,,https://www.kh.or.kr/program/view/menu/1292?viewType=ach&idx=485&searchRound=20&searchStTime=&searchEnTime=&searchField=homeAll&searchText=,https://www.kh.or.kr/jnrepo/upload/jnPrgFestivalProgram/202404/713fbc489c2e4224b30979f2b806ce52_1712824009648.jpg,0,0,0,0,1,0,0,0,0,0
20,10회,484,K-Heritage 마켓,K-Heritage 마켓,K-Heritage 마켓,경복궁,체험,참여형,현장참여,2024-04-27,2024-05-05,9,2024,4,봄,1,10:00,17:00,,https://www.kh.or.kr/program/view/menu/1292?viewType=ach&idx=484&searchRound=20&searchStTime=&searchEnTime=&searchField=homeAll&searchText=,https://www.kh.or.kr/jnrepo/upload/jnPrgFestivalProgram/202404/4783a97976674300bf38db0619571ea1_1712823761959.jpg,1,0,0,0,1,0,0,0,0,1
20,10회,483,세종대왕자태실 태봉출 의식 재현,세종대왕자태실 태봉출 의식 재현,세종대왕자태실 태봉출 의식 재현,경복궁,재현,관람형,현장참여,2024-04-30,2024-04-30,1,2024,4,봄,1,14:00,16:00,,https://www.kh.or.kr/program/view/menu/1292?viewType=ach&idx=483&searchRound=20&searchStTime=&searchEnTime=&searchField=homeAll&searchText=,https://www.kh.or.kr/jnrepo/upload/jnPrgFestivalProgram/202404/21deba72abe1458a9f5adf7cccdf411c_1712821934425.jpg,0,0,0,0,0,0,0,0,0,0
20,10회,464,어차 MZ 워크샵,어차 MZ 워크샵,어차 MZ 워크샵,경복궁,체험,참여형,사전예약,2024-05-01,2024-05-01,1,2024,5,봄,1,10:10,13:30,,https://www.kh.or.kr/program/view/menu/1292?viewType=ach&idx=464&searchRound=20&searchStTime=&searchEnTime=&searchField=homeAll&searchText=,https://www.kh.or.kr/jnrepo/upload/jnPrgFestivalProgram/202404/53e23d3eee254b5ba7efa38112e5a6e6_1712243711700.JPG,0,1,0,0,1,0,0,1,0,0
20,10회,462,"시간여행, 세종-궁중 일상재현","시간여행, 세종-궁중 일상재현","시간여행, 세종-궁중 일상재현",경복궁,공연,관람형,현장참여,2024-05-01,2024-05-05,5,2024,5,봄,1,11:00,15:00,,https://www.kh.or.kr/program/view/menu/1292?viewType=ach&idx=462&searchRound=20&searchStTime=&searchEnTime=&searchField=homeAll&searchText=,https://www.kh.or.kr/jnrepo/upload/jnPrgFestivalProgram/202404/3cbab2d103854f6da4b4d4d5b4e86993_1711963752613.png,0,0,0,1,0,1,0,0,0,1
20,10회,459,"시간여행, 세종-궁중새내기","시간여행, 세종-궁중새내기","시간여행, 세종-궁중새내기",경복궁,체험,참여형,사전예약,2024-05-01,2024-05-05,5,2024,5,봄,1,10:30,14:30,,https://www.kh.or.kr/program/view/menu/1292?viewType=ach&idx=459&searchRound=20&searchStTime=&searchEnTime=&searchField=homeAll&searchText=,https://www.kh.or.kr/jnrepo/upload/jnPrgFestivalProgram/202404/b090388bc5fe4a90866361636a307870_1711962857395.png,1,1,0,1,1,0,0,1,1,1
20,10회,455,Gyeonghoeru Pavilion Special Tour: A Time Travel to the Joseon Dynasty,Gyeonghoeru Pavilion Special Tour: A Time Travel to the Joseon Dynasty,Gyeonghoeru Pavilion Special Tour: A Time Travel to the Joseon Dynasty,경복궁,체험,참여형,사전예약,2024-05-01,2024-05-05,5,2024,5,봄,1,10:00,11:00,,https://www.kh.or.kr/program/view/menu/1292?viewType=ach&idx=455&searchRound=20&searchStTime=&searchEnTime=&searchField=homeAll&searchText=,https://www.kh.or.kr/jnrepo/upload/jnPrgFestivalProgram/202404/91e120da34f94e7a96bfba3d632cb425_1711961539972.png,0,0,0,0,0,0,0,1,0,0
20,10회,454,2024년 제10회 궁중문화축전 개막제,제10회 궁중문화축전 개막제,제10회 궁중문화축전 개막제,경복궁,공식행사,행사형,사전예약,2024-04-26,2024-04-26,1,2024,4,봄,1,19:30,20:40,,https://www.kh.or.kr/program/view/menu/1292?viewType=ach&idx=454&searchRound=20&searchStTime=&searchEnTime=&searchField=homeAll&searchText=,https://www.kh.or.kr/jnrepo/upload/jnPrgFestivalProgram/202404/87dd4f0d1292481db0dbcba6de90fb7b_1711956531564.png,1,1,1,1,1,0,1,1,1,1
20,10회,450,경복궁 별빛야행,경복궁 별빛야행,별빛야행,경복궁,체험,참여형,사전예약,2024-04-03,2024-05-04,32,2024,4,봄,1,18:40,19:40,,https://www.kh.or.kr/program/view/menu/1292?viewType=ach&idx=450&searchRound=20&searchStTime=&searchEnTime=&searchField=homeAll&searchText=,https://www.kh.or.kr/jnrepo/upload/jnPrgFestivalProgram/202403/5ca5c45749ed4acdb5460b861cb49e37_1711684094599.jpg,0,1,1,1,1,1,0,1,1,1
20,10회,449,경복궁 생과방,경복궁 생과방,생과방,경복궁,체험,참여형,사전예약,2024-04-17,2024-06-24,69,2024,4,봄,1,10:00,11:40,,https://www.kh.or.kr/program/view/menu/1292?viewType=ach&idx=449&searchRound=20&searchStTime=&searchEnTime=&searchField=homeAll&searchText=,https://www.kh.or.kr/jnrepo/upload/jnPrgFestivalProgram/202403/7a2a2f611ca243e4939a2bea604e799b_1711682790373.jpg,0,1,1,0,1,0,0,1,1,1
20,10회,446,고궁음악회-100인의 치세지음 治世之音,고궁음악회-100인의 치세지음 治世之音,고궁음악회-100인의 치세지음 治世之音,경복궁,공연,관람형,사전예약,2024-05-04,2024-05-05,2,2024,5,봄,1,19:30,20:20,,https://www.kh.or.kr/program/view/menu/1292?viewType=ach&idx=446&searchRound=20&searchStTime=&searchEnTime=&searchField=homeAll&searchText=,https://www.kh.or.kr/jnrepo/upload/jnPrgFestivalProgram/202403/102eb4669d3c40a485284d98e712b95c_1711525766656.jpg,0,1,1,1,1,0,0,1,1,1
20,10회,445,"고궁뮤지컬-세종, 1446","고궁뮤지컬-세종, 1446","고궁뮤지컬-세종, 1446",경복궁,공연,관람형,사전예약,2024-04-28,2024-04-30,3,2024,4,봄,1,19:30,21:20,,https://www.kh.or.kr/program/view/menu/1292?viewType=ach&idx=445&searchRound=20&searchStTime=&searchEnTime=&searchField=homeAll&searchText=,https://www.kh.or.kr/jnrepo/upload/jnPrgFestivalProgram/202403/6b772a603ef04865b72646a7a7365c8d_1711524869977.jpg,0,1,0,1,1,1,0,1,1,1
20,10회,435,궁중문화축전 스탬프 투어,스탬프 투어,스탬프 투어,경복궁,체험,참여형,현장참여,2024-04-27,2024-05-05,9,2024,4,봄,1,09:00,18:00,,https://www.kh.or.kr/program/view/menu/1292?viewType=ach&idx=435&searchRound=20&searchStTime=&searchEnTime=&searchField=homeAll&searchText=,https://www.kh.or.kr/jnrepo/upload/jnPrgFestivalProgram/202403/688a1474c59747f2978f1f634085a28a_1711161606712.jpg,1,0,0,0,0,1,0,0,1,1
20,10회,436,궁중문화축전 스탬프 투어,스탬프 투어,스탬프 투어,경복궁,체험,참여형,현장참여,2024-04-27,2024-05-05,9,2024,4,봄,1,09:00,18:00,,https://www.kh.or.kr/program/view/menu/1292?viewType=ach&idx=436&searchRound=20&searchStTime=&searchEnTime=&searchField=homeAll&searchText=,https://www.kh.or.kr/jnrepo/upload/jnPrgFestivalProgram/202403/79267a910ae147d7b28677401f644322_1711163064826.jpg,1,0,0,0,0,1,0,0,1,1
20,10회,437,궁중문화축전 스탬프 투어,스탬프 투어,스탬프 투어,경복궁,체험,참여형,현장참여,2024-04-27,2024-05-05,9,2024,4,봄,1,09:00,18:00,,https://www.kh.or.kr/program/view/menu/1292?viewType=ach&idx=437&searchRound=20&searchStTime=&searchEnTime=&searchField=homeAll&searchText=,https://www.kh.or.kr/jnrepo/upload/jnPrgFestivalProgram/202403/6c260495a1e1496cbc50132edd601ec5_1711162988324.jpg,1,0,0,0,0,1,0,0,1,1
20,10회,438,궁중문화축전 스탬프 투어,스탬프 투어,스탬프 투어,경복궁,체험,참여형,현장참여,2024-04-27,2024-05-05,9,2024,4,봄,1,09:00,18:00,,https://www.kh.or.kr/program/view/menu/1292?viewType=ach&idx=438&searchRound=20&searchStTime=&searchEnTime=&searchField=homeAll&searchText=,https://www.kh.or.kr/jnrepo/upload/jnPrgFestivalProgram/202403/2840a5e9eb2d43dfb6db0b83c88a6f9a_1711162950379.jpg,1,0,0,0,0,1,0,0,1,1
20,10회,439,궁중문화축전 스탬프 투어,스탬프 투어,스탬프 투어,경복궁,체험,참여형,현장참여,2024-04-27,2024-05-05,9,2024,4,봄,1,09:00,18:00,,https://www.kh.or.kr/program/view/menu/1292?viewType=ach&idx=439&searchRound=20&searchStTime=&searchEnTime=&searchField=homeAll&searchText=,https://www.kh.or.kr/jnrepo/upload/jnPrgFestivalProgram/202403/c927b56e0e1a4271b7be6ed14482e61a_1711161806410.jpg,1,0,0,0,0,1,0,0,1,1
20,10회,440,궁중문화축전 스탬프 투어,스탬프 투어,스탬프 투어,경복궁,체험,참여형,현장참여,2024-04-27,2024-05-05,9,2024,4,봄,1,09:00,18:00,,https://www.kh.or.kr/program/view/menu/1292?viewType=ach&idx=440&searchRound=20&searchStTime=&searchEnTime=&searchField=homeAll&searchText=,https://www.kh.or.kr/jnrepo/upload/jnPrgFestivalProgram/202403/ae972a3d9f6d47b4a71de9237a4ac7a0_1711161710099.jpg,1,0,0,0,0,1,0,0,1,1
13,9회,388,제18회 한국문화재기능인작품전,제18회 한국문화재기능인작품전,제18회 한국문화재기능인작품전,경복궁,전시,관람형,현장참여,2023-10-13,2023-10-19,7,2023,10,가을,1,09:00,21:30,,https://www.kh.or.kr/program/view/menu/1292?viewType=ach&idx=388&searchRound=13&searchStTime=&searchEnTime=&searchField=homeAll&searchText=,https://www.kh.or.kr/jnrepo/upload/jnPrgFestivalProgram/202310/396022b763ee40adbacbc22ef1535b9f_1696404757639.png,0,0,1,0,0,0,0,0,0,0
13,9회,384,궁중놀이방(경복궁),궁중놀이방(경복궁),궁중놀이방(경복궁),경복궁,체험,참여형,현장참여,2023-10-13,2023-10-18,6,2023,10,가을,1,11:00,17:00,,https://www.kh.or.kr/program/view/menu/1292?viewType=ach&idx=384&searchRound=13&searchStTime=&searchEnTime=&searchField=homeAll&searchText=,https://www.kh.or.kr/jnrepo/upload/jnPrgFestivalProgram/202310/9b9419091087483182fe5a11e2ac34e1_1696851949309.PNG,0,0,0,0,0,0,0,0,1,1
13,9회,383,궁궐일상모습재현 및 체험-왕가의 산책,궁궐일상모습재현 및 체험-왕가의 산책,궁궐일상모습재현 및 체험-왕가의 산책,경복궁,공연,관람형,현장참여,2023-10-08,2023-10-13,6,2023,10,가을,1,10:30,14:30,,https://www.kh.or.kr/program/view/menu/1292?viewType=ach&idx=383&searchRound=13&searchStTime=&searchEnTime=&searchField=homeAll&searchText=,https://www.kh.or.kr/jnrepo/upload/jnPrgFestivalProgram/202310/49aaa9bfd3ec4bb59e12c042fadff2aa_1696334836932.jpg,0,0,0,1,0,1,0,1,1,1
13,9회,382,2023 국가무형유산 합동 공개행사,국가무형유산 합동 공개행사,국가무형유산 합동 공개행사,경복궁,공연,관람형,현장참여,2023-10-14,2023-10-18,5,2023,10,가을,1,15:00,14:00,,https://www.kh.or.kr/program/view/menu/1292?viewType=ach&idx=382&searchRound=13&searchStTime=&searchEnTime=&searchField=homeAll&searchText=,https://www.kh.or.kr/jnrepo/upload/jnPrgFestivalProgram/202310/e68e36bad2a947f391e47ea1bcee14a6_1696410759424.png,0,0,0,1,0,0,0,0,0,0
13,9회,381,궁중풍류,궁중풍류,궁중풍류,경복궁,공연,관람형,현장참여,2023-10-13,2023-10-14,2,2023,10,가을,1,15:00,15:50,,https://www.kh.or.kr/program/view/menu/1292?viewType=ach&idx=381&searchRound=13&searchStTime=&searchEnTime=&searchField=homeAll&searchText=,https://www.kh.or.kr/jnrepo/upload/jnPrgFestivalProgram/202310/6b907c6f5cd5479c80a8915e2864ce2e_1696851762851.PNG,0,0,0,1,1,0,0,0,0,0
13,9회,380,판소리로 듣는 궁 이야기,판소리로 듣는 궁 이야기,판소리로 듣는 궁 이야기,경복궁,공연,관람형,사전예약,2023-10-13,2023-10-14,2,2023,10,가을,1,11:00,12:00,,https://www.kh.or.kr/program/view/menu/1292?viewType=ach&idx=380&searchRound=13&searchStTime=&searchEnTime=&searchField=homeAll&searchText=,https://www.kh.or.kr/jnrepo/upload/jnPrgFestivalProgram/202310/981f292b53084628b7c888353460cb38_1696852105519.PNG,1,1,1,1,1,0,1,1,1,1
13,9회,378,아티스트가 사랑한 궁,아티스트가 사랑한 궁,아티스트가 사랑한 궁,경복궁,공연,관람형,사전예약,2023-10-17,2023-10-18,2,2023,10,가을,1,19:00,20:10,,https://www.kh.or.kr/program/view/menu/1292?viewType=ach&idx=378&searchRound=13&searchStTime=&searchEnTime=&searchField=homeAll&searchText=,https://www.kh.or.kr/jnrepo/upload/jnPrgFestivalProgram/202309/05b613fd1c264fc995ad0f11503b5828_1695278035111.jpg,0,1,1,1,1,0,0,1,1,1
13,9회,377,경복궁 생과방,경복궁 생과방,생과방,경복궁,체험,참여형,사전예약,2023-09-07,2023-10-21,45,2023,9,가을,1,10:00,11:40,,https://www.kh.or.kr/program/view/menu/1292?viewType=ach&idx=377&searchRound=13&searchStTime=&searchEnTime=&searchField=homeAll&searchText=,https://www.kh.or.kr/jnrepo/upload/jnPrgFestivalProgram/202310/e86225f5761a4c2ca16f626c4331e1df_1696409733035.jpg,0,0,0,0,1,0,0,1,1,1
13,9회,373,2023 고궁음악회 ‘풍류에 그루브를 더하다’,고궁음악회 ‘풍류에 그루브를 더하다’,고궁음악회 ‘풍류에 그루브를 더하다’,경복궁,공연,관람형,현장참여,2023-10-13,2023-10-20,8,2023,10,가을,1,13:00,16:00,,https://www.kh.or.kr/program/view/menu/1292?viewType=ach&idx=373&searchRound=13&searchStTime=&searchEnTime=&searchField=homeAll&searchText=,https://www.kh.or.kr/jnrepo/upload/jnPrgFestivalProgram/202309/6e5f193796d84097befb5f03c1559cda_1695283321433.jpg,0,0,0,1,0,0,0,1,1,0
13,9회,372,2023 고궁음악회 발레x수제천,고궁음악회 발레x수제천,고궁음악회 발레x수제천,경복궁,공연,관람형,사전예약,2023-10-12,2023-10-14,3,2023,10,가을,1,19:00,20:10,,https://www.kh.or.kr/program/view/menu/1292?viewType=ach&idx=372&searchRound=13&searchStTime=&searchEnTime=&searchField=homeAll&searchText=,https://www.kh.or.kr/jnrepo/upload/jnPrgFestivalProgram/202309/097c1516eb194761820b9d7fa7039984_1695274497968.jpg,0,1,1,1,1,0,0,1,0,1
13,9회,351,2023 세종대왕자 태실 태봉안의식(성주군),세종대왕자 태실 태봉안의식(성주군),세종대왕자 태실 태봉안의식(성주군),경복궁,재현,관람형,현장참여,2023-05-02,2023-05-02,1,2023,5,봄,1,14:00,15:00,,https://www.kh.or.kr/program/view/menu/1292?viewType=ach&idx=351&searchRound=13&searchStTime=&searchEnTime=&searchField=homeAll&searchText=,https://www.kh.or.kr/jnrepo/upload/jnPrgFestivalProgram/202304/87f984b355a74feba413b4e3e5c8e75d_1682259232463.jpg,0,0,0,0,0,0,0,0,0,0
13,9회,334,고궁음악회-풍류에 그루브를 더하다,고궁음악회-풍류에 그루브를 더하다,고궁음악회-풍류에 그루브를 더하다,경복궁,공연,관람형,현장참여,2023-04-29,2023-05-06,8,2023,4,봄,1,11:00,15:00,,https://www.kh.or.kr/program/view/menu/1292?viewType=ach&idx=334&searchRound=13&searchStTime=&searchEnTime=&searchField=homeAll&searchText=,https://www.kh.or.kr/jnrepo/upload/jnPrgFestivalProgram/202304/2dde21d184344815a480a6c26be19d71_1682082400948.jpg,0,0,1,1,0,0,0,0,1,1
13,9회,327,2023년 경복궁 별빛야행,경복궁 별빛야행,별빛야행,경복궁,체험,참여형,사전예약,2023-04-29,2023-05-07,9,2023,4,봄,1,18:40,19:40,,https://www.kh.or.kr/program/view/menu/1292?viewType=ach&idx=327&searchRound=13&searchStTime=&searchEnTime=&searchField=homeAll&searchText=,https://www.kh.or.kr/jnrepo/upload/jnPrgFestivalProgram/202304/a8707fd884f84bc1a9a37a58d01adece_1681741386489.PNG,0,1,1,1,1,1,0,1,1,1
13,9회,324,2023년 경복궁 생과방 - 경복궁에서 마주한 특별한 시간,경복궁 생과방 - 경복궁에서 마주한 특별한 시간,생과방 - 경복궁에서 마주한 특별한 시간,경복궁,체험,참여형,사전예약,2023-04-28,2023-05-07,10,2023,4,봄,1,10:00,11:40,,https://www.kh.or.kr/program/view/menu/1292?viewType=ach&idx=324&searchRound=13&searchStTime=&searchEnTime=&searchField=homeAll&searchText=,https://www.kh.or.kr/jnrepo/upload/jnPrgFestivalProgram/202304/499f77fb62164b83b28d4ce905d9fe06_1681740827603.PNG,1,1,1,0,1,0,0,1,0,1
13,9회,322,2023년 궁중문화축전 개막제,개막제,개막제,경복궁,공식행사,행사형,사전예약,2023-04-28,2023-04-28,1,2023,4,봄,1,19:30,21:00,,https://www.kh.or.kr/program/view/menu/1292?viewType=ach&idx=322&searchRound=13&searchStTime=&searchEnTime=&searchField=homeAll&searchText=,https://www.kh.or.kr/jnrepo/upload/jnPrgFestivalProgram/202304/d0ca3fbba8fc4413beab1516e2ea3358_1681711860440.JPG,0,1,0,1,1,0,0,1,1,1
13,9회,321,궁중문화축전X신비아파트 프로모션,X신비아파트 프로모션,X신비아파트 프로모션,경복궁,체험,참여형,현장참여,2023-04-29,2023-05-07,9,2023,4,봄,1,10:00,18:00,,https://www.kh.or.kr/program/view/menu/1292?viewType=ach&idx=321&searchRound=13&searchStTime=&searchEnTime=&searchField=homeAll&searchText=,https://www.kh.or.kr/jnrepo/upload/jnPrgFestivalProgram/202304/3f4fcb5bc1da4675bf94d550895f45b3_1681479376660.png,0,1,0,0,0,0,0,0,0,1
13,9회,318,궁중풍류,궁중풍류,궁중풍류,경복궁,공연,관람형,현장참여,2023-05-03,2023-05-07,5,2023,5,봄,1,11:00,15:00,,https://www.kh.or.kr/program/view/menu/1292?viewType=ach&idx=318&searchRound=13&searchStTime=&searchEnTime=&searchField=homeAll&searchText=,https://www.kh.or.kr/jnrepo/upload/jnPrgFestivalProgram/202304/426aafc57a374d6393421d0d2706ebf5_1680603982211.jpg,0,0,1,1,1,0,0,0,0,1
13,9회,313,궁궐 퍼레이드-경복궁,궁궐 퍼레이드-경복궁,궁궐 퍼레이드,경복궁,공연,관람형,현장참여,2023-04-29,2023-04-29,1,2023,4,봄,1,11:00,14:30,,https://www.kh.or.kr/program/view/menu/1292?viewType=ach&idx=313&searchRound=13&searchStTime=&searchEnTime=&searchField=homeAll&searchText=,https://www.kh.or.kr/jnrepo/upload/jnPrgFestivalProgram/202304/3d1c6c6556374666b8b44212c2fff331_1680832968886.JPG,0,1,0,1,0,0,0,0,0,1
13,9회,312,어린이 궁중문화축전,어린이 궁중문화축전,어린이 궁중문화축전,경복궁,체험,참여형,사전예약,2023-05-05,2023-05-07,3,2023,5,봄,1,11:00,17:00,,https://www.kh.or.kr/program/view/menu/1292?viewType=ach&idx=312&searchRound=13&searchStTime=&searchEnTime=&searchField=homeAll&searchText=,https://www.kh.or.kr/jnrepo/upload/jnPrgFestivalProgram/202304/dd740c2bf68445c0a828ae37600a9f64_1680601551598.jpg,1,1,0,1,0,0,0,1,0,1
13,9회,311,고궁뮤지컬-세종 1446,고궁뮤지컬-세종 1446,고궁뮤지컬-세종 1446,경복궁,공연,관람형,사전예약,2023-04-29,2023-05-02,4,2023,4,봄,1,19:30,21:00,,https://www.kh.or.kr/program/view/menu/1292?viewType=ach&idx=311&searchRound=13&searchStTime=&searchEnTime=&searchField=homeAll&searchText=,https://www.kh.or.kr/jnrepo/upload/jnPrgFestivalProgram/202304/980287b6886a409abc5c2f33a67723de_1680600040937.jpg,0,1,0,1,1,0,0,1,1,1
13,9회,385,궁중놀이방(창경궁),궁중놀이방(창경궁),궁중놀이방(창경궁),경복궁,체험,참여형,현장참여,2023-10-13,2023-10-18,6,2023,10,가을,1,11:00,17:00,,https://www.kh.or.kr/program/view/menu/1292?viewType=ach&idx=385&searchRound=13&searchStTime=&searchEnTime=&searchField=homeAll&searchText=,https://www.kh.or.kr/jnrepo/upload/jnPrgFestivalProgram/202310/d50cd4283441498baea2a540894b4356_1696335281352.png,0,0,0,0,0,0,0,0,1,1
9,8회,307,모두의 한복 (국가무형문화재 ‘한복생활’ 지정 기념행사),모두의 한복 (국가무형문화재 ‘한복생활’ 지정 기념행사),모두의 한복 (국가무형문화재 ‘한복생활’ 지정 기념행사),경복궁,공식행사,행사형,현장참여,2022-10-01,2022-10-01,1,2022,10,가을,1,15:00,16:00,,https://www.kh.or.kr/program/view/menu/1292?viewType=ach&idx=307&searchRound=9&searchStTime=&searchEnTime=&searchField=homeAll&searchText=,https://www.kh.or.kr/jnrepo/upload/jnPrgFestivalProgram/202210/68998a5379c643f58ee885dc3b22b0b9_1664596908850.jpg,0,1,0,0,0,0,1,0,0,0
9,8회,306,2022년 세종학당 집현전 한국어 교실,세종학당 집현전 한국어 교실,세종학당 집현전 한국어 교실,경복궁,체험,참여형,사전예약,2022-10-07,2022-10-21,15,2022,10,가을,1,14:00,16:30,,https://www.kh.or.kr/program/view/menu/1292?viewType=ach&idx=306&searchRound=9&searchStTime=&searchEnTime=&searchField=homeAll&searchText=,https://www.kh.or.kr/jnrepo/upload/jnPrgFestivalProgram/202209/af470535ddc24d13b1fa1989c08520f8_1664441439617.jpg,0,0,0,0,0,0,0,1,0,0
9,8회,304,만들어보자궁(宮),만들어보자궁(宮),만들어보자궁(宮),경복궁,체험,참여형,현장참여,2022-10-01,2022-10-09,9,2022,10,가을,1,10:00,20:30,,https://www.kh.or.kr/program/view/menu/1292?viewType=ach&idx=304&searchRound=9&searchStTime=&searchEnTime=&searchField=homeAll&searchText=,https://www.kh.or.kr,0,1,0,0,0,0,0,0,0,0
9,8회,302,무형문화재 이수자 지원 공연,무형문화재 이수자 지원 공연,무형문화재 이수자 지원 공연,경복궁,공연,관람형,현장참여,2022-10-05,2022-10-06,2,2022,10,가을,1,16:00,17:00,,https://www.kh.or.kr/program/view/menu/1292?viewType=ach&idx=302&searchRound=9&searchStTime=&searchEnTime=&searchField=homeAll&searchText=,https://www.kh.or.kr,0,0,0,1,0,0,0,0,0,0
9,8회,301,위대한 유산,위대한 유산,위대한 유산,경복궁,공연,관람형,현장참여,2022-10-02,2022-10-09,8,2022,10,가을,1,12:00,16:30,,https://www.kh.or.kr/program/view/menu/1292?viewType=ach&idx=301&searchRound=9&searchStTime=&searchEnTime=&searchField=homeAll&searchText=,https://www.kh.or.kr/jnrepo/upload/jnPrgFestivalProgram/202209/9a0f0c23fede49d5862abaf742fee0dc_1664351542539.jpg,0,0,0,1,0,0,0,0,0,0
9,8회,299,"오, 케이 탈춤","오, 케이 탈춤","오, 케이 탈춤",경복궁,공연,관람형,현장참여,2022-10-07,2022-10-09,3,2022,10,가을,1,15:00,11:00,,https://www.kh.or.kr/program/view/menu/1292?viewType=ach&idx=299&searchRound=9&searchStTime=&searchEnTime=&searchField=homeAll&searchText=,https://www.kh.or.kr/jnrepo/upload/jnPrgFestivalProgram/202209/01c5995f46ab4395a5f245a10e561f5c_1664205211783.jpg,0,0,0,1,0,0,0,0,0,0
9,8회,297,청각장애인 대상 맞춤형 관람행사,청각장애인 대상 맞춤형 관람행사,청각장애인 대상 맞춤형 관람행사,경복궁,체험,참여형,현장참여,2022-10-08,2022-10-08,1,2022,10,가을,1,13:00,17:30,,https://www.kh.or.kr/program/view/menu/1292?viewType=ach&idx=297&searchRound=9&searchStTime=&searchEnTime=&searchField=homeAll&searchText=,https://www.kh.or.kr/jnrepo/upload/jnPrgFestivalProgram/202209/4698b936ed9b4a9dae7dff6e40a6cf49_1663349799059.PNG,0,1,0,0,0,1,0,0,0,0
9,8회,293,고궁책방(고궁책방-고종의 초대),고궁책방(고궁책방-고종의 초대),고궁책방(고궁책방-고종의 초대),경복궁,체험,참여형,사전예약,2022-10-01,2022-10-10,10,2022,10,가을,1,10:00,16:00,,https://www.kh.or.kr/program/view/menu/1292?viewType=ach&idx=293&searchRound=9&searchStTime=&searchEnTime=&searchField=homeAll&searchText=,https://www.kh.or.kr/jnrepo/upload/jnPrgFestivalProgram/202209/8cb4d7397dd3424bb7d3dd9da75fef29_1663231643052.jpg,1,1,0,1,1,0,0,1,1,1
9,8회,292,수라간 시식공감,수라간 시식공감,수라간 시식공감,경복궁,체험,참여형,사전예약,2022-10-01,2022-10-16,16,2022,10,가을,1,18:00,21:00,,https://www.kh.or.kr/program/view/menu/1292?viewType=ach&idx=292&searchRound=9&searchStTime=&searchEnTime=&searchField=homeAll&searchText=,https://www.kh.or.kr/jnrepo/upload/jnPrgFestivalProgram/202209/ded646b429f249c8b1d4e9e9ec93660b_1662393822067.jpg,0,0,1,1,1,0,0,1,1,1
9,8회,291,아티스트가 사랑한 궁(경회루 특별관람 연계),아티스트가 사랑한 궁(경회루 특별관람 연계),아티스트가 사랑한 궁(경회루 특별관람 연계),경복궁,공연,관람형,사전예약,2022-10-01,2022-10-09,9,2022,10,가을,1,10:00,16:00,,https://www.kh.or.kr/program/view/menu/1292?viewType=ach&idx=291&searchRound=9&searchStTime=&searchEnTime=&searchField=homeAll&searchText=,https://www.kh.or.kr/jnrepo/upload/jnPrgFestivalProgram/202209/84e5b44ae7e94a7888051899686d82c6_1662392516481.jpg,1,1,0,1,1,1,0,1,1,0
9,8회,290,고궁음악회 - 발레x수제천,고궁음악회 - 발레x수제천,고궁음악회 - 발레x수제천,경복궁,공연,관람형,사전예약,2022-10-01,2022-10-02,2,2022,10,가을,1,19:00,20:00,,https://www.kh.or.kr/program/view/menu/1292?viewType=ach&idx=290&searchRound=9&searchStTime=&searchEnTime=&searchField=homeAll&searchText=,https://www.kh.or.kr/jnrepo/upload/jnPrgFestivalProgram/202209/6bf543f2d5aa4bb98b43aa15f33f8ce4_1663347196990.PNG,0,0,0,1,1,0,0,1,0,1
9,8회,288,어린이 궁중문화축전,어린이 궁중문화축전,어린이 궁중문화축전,경복궁,체험,참여형,현장참여,2022-10-01,2022-10-03,3,2022,10,가을,1,10:00,17:00,,https://www.kh.or.kr/program/view/menu/1292?viewType=ach&idx=288&searchRound=9&searchStTime=&searchEnTime=&searchField=homeAll&searchText=,https://www.kh.or.kr/jnrepo/upload/jnPrgFestivalProgram/202210/73a9b858b54b4602aa410e93debf6c9a_1664684551944.jpg,1,1,0,0,0,0,0,1,1,0
9,8회,287,정오의 궁산책,정오의 궁산책,정오의 궁산책,경복궁,공식행사,행사형,현장참여,2022-10-04,2022-10-07,4,2022,10,가을,1,12:00,13:00,,https://www.kh.or.kr/program/view/menu/1292?viewType=ach&idx=287&searchRound=9&searchStTime=&searchEnTime=&searchField=homeAll&searchText=,https://www.kh.or.kr/jnrepo/upload/jnPrgFestivalProgram/202209/91600173f5f6446e92e53efef3ad1252_1662352205068.jpg,0,0,0,1,0,1,0,0,0,0
9,8회,284,사방신을 찾아라,사방신을 찾아라,사방신을 찾아라,경복궁,체험,참여형,현장참여,2022-10-01,2022-10-09,9,2022,10,가을,1,11:00,16:00,,https://www.kh.or.kr/program/view/menu/1292?viewType=ach&idx=284&searchRound=9&searchStTime=&searchEnTime=&searchField=homeAll&searchText=,https://www.kh.or.kr/jnrepo/upload/jnPrgFestivalProgram/202209/76546e97e26f48bb94525c8e1db45448_1662351217355.jpg,1,0,0,0,0,0,0,0,0,0
9,8회,283,궁중놀이방,궁중놀이방,궁중놀이방,경복궁,체험,참여형,현장참여,2022-10-01,2022-10-09,9,2022,10,가을,1,10:00,17:00,,https://www.kh.or.kr/program/view/menu/1292?viewType=ach&idx=283&searchRound=9&searchStTime=&searchEnTime=&searchField=homeAll&searchText=,https://www.kh.or.kr/jnrepo/upload/jnPrgFestivalProgram/202210/17ca20cceb314524b7529c1c50454579_1664686209732.jpg,0,0,0,0,0,0,0,0,1,0
9,8회,274,"심쿵쉼궁 - 궁을 읽다, 보다, 느끼다","심쿵쉼궁 - 궁을 읽다, 보다, 느끼다","심쿵쉼궁 - 궁을 읽다, 보다, 느끼다",경복궁,공식행사,행사형,현장참여,2022-10-01,2022-10-09,9,2022,10,가을,1,10:00,17:00,,https://www.kh.or.kr/program/view/menu/1292?viewType=ach&idx=274&searchRound=9&searchStTime=&searchEnTime=&searchField=homeAll&searchText=,https://www.kh.or.kr/jnrepo/upload/jnPrgFestivalProgram/202209/9db37e77da0643aa84268f2c85447632_1662347180028.jpg,0,0,0,0,0,0,0,0,0,1
9,8회,272,천하제일 쌍륙대전,천하제일 쌍륙대전,천하제일 쌍륙대전,경복궁,체험,참여형,사전예약,2022-10-08,2022-10-09,2,2022,10,가을,1,13:00,17:00,,https://www.kh.or.kr/program/view/menu/1292?viewType=ach&idx=272&searchRound=9&searchStTime=&searchEnTime=&searchField=homeAll&searchText=,https://www.kh.or.kr/jnrepo/upload/jnPrgFestivalProgram/202209/d484f966b1244b5c833416bcb4f0389b_1662343627892.jpg,0,0,0,0,0,0,0,1,0,0
9,8회,268,경복궁 타임스코프,경복궁 타임스코프,타임스코프,경복궁,체험,참여형,현장참여,2022-05-04,2022-10-31,181,2022,5,봄,1,10:00,17:00,,https://www.kh.or.kr/program/view/menu/1292?viewType=ach&idx=268&searchRound=9&searchStTime=&searchEnTime=&searchField=homeAll&searchText=,https://www.kh.or.kr/jnrepo/upload/jnPrgFestivalProgram/202205/9f85e29fefcd4f6e8df5b6a05295876e_1652860266841.png,0,0,0,0,0,0,0,0,0,0
9,8회,208,경복궁 수문장 교대의식,경복궁 수문장 교대의식,수문장 교대의식,경복궁,재현,관람형,현장참여,2022-01-01,2022-12-31,365,2022,1,기타,1,10:00,14:00,,https://www.kh.or.kr/program/view/menu/1292?viewType=ach&idx=208&searchRound=9&searchStTime=&searchEnTime=&searchField=homeAll&searchText=,https://www.kh.or.kr/jnrepo/upload/jnPrgFestivalProgram/202205/416afaf7c7384a60aacb999ee04b5689_1651901894982.jpg,0,0,0,0,1,0,0,0,0,1
9,8회,206,경복궁 생과방,경복궁 생과방,생과방,경복궁,체험,참여형,사전예약,2022-09-07,2022-10-20,44,2022,9,가을,1,10:00,15:30,,https://www.kh.or.kr/program/view/menu/1292?viewType=ach&idx=206&searchRound=9&searchStTime=&searchEnTime=&searchField=homeAll&searchText=,https://www.kh.or.kr/jnrepo/upload/jnPrgFestivalProgram/202205/b68623af51a74d679895bdac41f6dd9d_1651901854541.jpg,0,0,0,0,1,0,0,1,1,1
8,7회,228,"궁, 기록보관소","궁, 기록보관소","궁, 기록보관소",경복궁,전시,관람형,현장참여,2021-10-16,2021-10-24,9,2021,10,가을,1,10:00,18:00,,https://www.kh.or.kr/program/view/menu/1292?viewType=ach&idx=228&searchRound=8&searchStTime=&searchEnTime=&searchField=homeAll&searchText=,https://www.kh.or.kr/jnrepo/upload/jnPrgFestivalProgram/202109/6715dc33125c49cc8c24233433866bd9_1632195315275.png,0,0,1,0,1,0,0,0,1,0
8,7회,227,궁으로 온 팔도강산 - 대동예(藝)지도,궁으로 온 팔도강산 - 대동예(藝)지도,궁으로 온 팔도강산 - 대동예(藝)지도,경복궁,전시,관람형,사전예약,2021-10-16,2021-10-24,9,2021,10,가을,1,10:00,18:00,,https://www.kh.or.kr/program/view/menu/1292?viewType=ach&idx=227&searchRound=8&searchStTime=&searchEnTime=&searchField=homeAll&searchText=,https://www.kh.or.kr/jnrepo/upload/jnPrgFestivalProgram/202110/6ae80d43830e426aba66259c4145e9a7_1633247547685.png,1,0,1,0,1,0,0,1,1,1
7,6회,191,경복궁 생과방,경복궁 생과방,생과방,경복궁,체험,참여형,현장참여,2020-10-10,2020-11-16,38,2020,10,가을,1,10:00,17:00,,https://www.kh.or.kr/program/view/menu/1292?viewType=ach&idx=191&searchRound=7&searchStTime=&searchEnTime=&searchField=homeAll&searchText=,https://www.kh.or.kr/jnrepo/program/1ovo020201018114956693.png,0,0,0,0,1,0,0,0,1,1
7,6회,188,천상풍류,천상풍류,천상풍류,경복궁,공연,관람형,현장참여,2020-10-18,2020-10-18,1,2020,10,가을,1,19:30,21:00,,https://www.kh.or.kr/program/view/menu/1292?viewType=ach&idx=188&searchRound=7&searchStTime=&searchEnTime=&searchField=homeAll&searchText=,https://www.kh.or.kr/jnrepo/program/3vsl420201018130834051.png,0,0,1,1,1,0,0,1,0,1
7,6회,187,"고궁사진전 ‘궁을 걷다, 멋을 입다’","고궁사진전 ‘궁을 걷다, 멋을 입다’","고궁사진전 ‘궁을 걷다, 멋을 입다’",경복궁,전시,관람형,현장참여,2020-10-10,2020-10-18,9,2020,10,가을,1,09:00,21:00,,https://www.kh.or.kr/program/view/menu/1292?viewType=ach&idx=187&searchRound=7&searchStTime=&searchEnTime=&searchField=homeAll&searchText=,https://www.kh.or.kr/jnrepo/program/ckgn620201013144642501.png,0,0,1,0,1,0,1,0,0,1
7,6회,179,궁궐캐릭터공모전 전시,궁궐캐릭터공모전 전시,궁궐캐릭터공모전 전시,경복궁,전시,관람형,현장참여,2020-10-10,2020-10-18,9,2020,10,가을,1,09:00,21:00,,https://www.kh.or.kr/program/view/menu/1292?viewType=ach&idx=179&searchRound=7&searchStTime=&searchEnTime=&searchField=homeAll&searchText=,https://www.kh.or.kr/jnrepo/program/0bqk220201016081904252.png,0,0,0,0,0,0,0,0,0,0
6,5회,83,경복궁 고궁음악회 - 영추문 대동놀이,경복궁 고궁음악회 - 영추문 대동놀이,고궁음악회 - 영추문 대동놀이,경복궁,공연,관람형,현장참여,2019-04-27,2019-05-05,9,2019,4,봄,1,16:00,16:40,,https://www.kh.or.kr/program/view/menu/1292?viewType=ach&idx=83&searchRound=6&searchStTime=&searchEnTime=&searchField=homeAll&searchText=,https://www.kh.or.kr/jnrepo/program/bceb720190130221136003.jpg,0,1,0,1,1,0,0,0,0,1
6,5회,80,궁궐 호위군 사열의식 첩종,궁궐 호위군 사열의식 첩종,궁궐 호위군 사열의식 첩종,경복궁,재현,관람형,현장참여,2019-05-04,2019-05-05,2,2019,5,봄,1,11:00,14:00,,https://www.kh.or.kr/program/view/menu/1292?viewType=ach&idx=80&searchRound=6&searchStTime=&searchEnTime=&searchField=homeAll&searchText=,https://www.kh.or.kr/jnrepo/program/bceb720190130220952555.JPG,0,0,0,0,0,0,0,0,0,0
6,5회,78,고궁사진전 ？ 꽃 피는 궁궐의 추억,고궁사진전 ？ 꽃 피는 궁궐의 추억,고궁사진전 ？ 꽃 피는 궁궐의 추억,경복궁,전시,관람형,현장참여,2019-04-27,2019-05-05,9,2019,4,봄,1,09:00,21:00,,https://www.kh.or.kr/program/view/menu/1292?viewType=ach&idx=78&searchRound=6&searchStTime=&searchEnTime=&searchField=homeAll&searchText=,https://www.kh.or.kr/jnrepo/program/bceb720190130220716655.jpg,0,0,1,0,0,0,1,0,0,0
6,5회,75,경회루 판타지 - 화룡지몽,경회루 판타지 - 화룡지몽,경회루 판타지 - 화룡지몽,경복궁,공연,관람형,현장참여,2019-04-28,2019-05-04,7,2019,4,봄,1,20:00,21:00,,https://www.kh.or.kr/program/view/menu/1292?viewType=ach&idx=75&searchRound=6&searchStTime=&searchEnTime=&searchField=homeAll&searchText=,https://www.kh.or.kr/jnrepo/program/2nek120190408174602077.jpg,0,0,1,1,0,0,0,0,0,0
6,5회,74,광화문 新 산대놀이,광화문 新 산대놀이,광화문 新 산대놀이,경복궁,공식행사,행사형,현장참여,2019-04-28,2019-04-28,1,2019,4,봄,1,15:00,17:00,,https://www.kh.or.kr/program/view/menu/1292?viewType=ach&idx=74&searchRound=6&searchStTime=&searchEnTime=&searchField=homeAll&searchText=,https://www.kh.or.kr/jnrepo/program/bceb720190130220438270.JPG,0,0,0,0,1,0,0,0,0,0
5,4회,1,개막제,개막제,개막제,경복궁,공식행사,행사형,현장참여,2018-04-28,2018-04-28,1,2018,4,봄,1,19:30,19:30,,https://www.kh.or.kr/program/view/menu/1292?viewType=ach&idx=1&searchRound=5&searchStTime=&searchEnTime=&searchField=homeAll&searchText=,https://www.kh.or.kr/jnrepo/program/Program_0201804309202894691082.jpg,0,0,0,0,0,0,0,1,0,0
2,1회,416,다례체험 '궁궐에 스며든 차의 향기',다례체험 '궁궐에 스며든 차의 향기',다례체험 '궁궐에 스며든 차의 향기',경복궁,체험,참여형,사전예약,2015-05-03,2015-05-10,8,2015,5,봄,1,13:00,15:00,,https://www.kh.or.kr/program/view/menu/1292?viewType=ach&idx=416&searchRound=2&searchStTime=&searchEnTime=&searchField=homeAll&searchText=,https://www.kh.or.kr/jnrepo/upload/jnPrgFestivalProgram/202401/3bbac8bb8fe14d938925d6acdd87e773_1705557110704.jpg,0,0,0,0,1,0,0,1,0,1
2,1회,415,소주방의 일상재현,소주방의 일상재현,소주방의 일상재현,경복궁,체험,참여형,사전예약,2015-05-04,2015-05-10,7,2015,5,봄,1,10:00,11:00,,https://www.kh.or.kr/program/view/menu/1292?viewType=ach&idx=415&searchRound=2&searchStTime=&searchEnTime=&searchField=homeAll&searchText=,https://www.kh.or.kr/jnrepo/upload/jnPrgFestivalProgram/202401/29643bf7c1594c768e1edb20f3f629a7_1705305854750.jpg,0,0,0,0,1,0,1,1,0,1
2,1회,414,궁중복식체험,궁중복식체험,궁중복식체험,경복궁,체험,참여형,현장참여,2015-05-02,2015-05-10,9,2015,5,봄,1,09:00,18:00,,https://www.kh.or.kr/program/view/menu/1292?viewType=ach&idx=414&searchRound=2&searchStTime=&searchEnTime=&searchField=homeAll&searchText=,https://www.kh.or.kr/jnrepo/upload/jnPrgFestivalProgram/202401/79d6afa5dc4e49fa926df5ab243f5528_1705303745797.jpg,0,1,0,0,0,0,0,1,0,0
2,1회,413,궁궐 호위군 사열의식 “첩종”,궁궐 호위군 사열의식 “첩종”,궁궐 호위군 사열의식 “첩종”,경복궁,재현,관람형,현장참여,2015-05-03,2015-05-10,8,2015,5,봄,1,11:00,14:00,,https://www.kh.or.kr/program/view/menu/1292?viewType=ach&idx=413&searchRound=2&searchStTime=&searchEnTime=&searchField=homeAll&searchText=,https://www.kh.or.kr/jnrepo/upload/jnPrgFestivalProgram/202401/5ea9626fb1c646609e81e095e0337c25_1705303054999.jpg,0,0,0,0,0,0,0,0,0,0
2,1회,412,용비어천가 “하늘이 열리다”,용비어천가 “하늘이 열리다”,용비어천가 “하늘이 열리다”,경복궁,공연,관람형,현장참여,2015-05-02,2015-05-10,9,2015,5,봄,1,20:00,21:00,,https://www.kh.or.kr/program/view/menu/1292?viewType=ach&idx=412&searchRound=2&searchStTime=&searchEnTime=&searchField=homeAll&searchText=,https://www.kh.or.kr/jnrepo/upload/jnPrgFestivalProgram/202401/4eb3cde339a545458ca14ce203561fda_1705301975789.jpg,0,0,0,1,0,0,0,0,0,1
2,1회,411,"미디어 파사드 “궁, 빛으로 태어나다”","미디어 파사드 “궁, 빛으로 태어나다”","미디어 파사드 “궁, 빛으로 태어나다”",경복궁,전시,관람형,현장참여,2015-05-02,2015-05-10,9,2015,5,봄,1,21:00,21:30,,https://www.kh.or.kr/program/view/menu/1292?viewType=ach&idx=411&searchRound=2&searchStTime=&searchEnTime=&searchField=homeAll&searchText=,https://www.kh.or.kr/jnrepo/upload/jnPrgFestivalProgram/202401/c1725815afde4505ab3479520956d1af_1705301193626.jpg,0,0,0,0,0,0,0,0,0,0
2,1회,410,소주방 개관식,소주방 개관식,소주방 개관식,경복궁,공식행사,행사형,현장참여,2015-05-02,2015-05-02,1,2015,5,봄,1,14:00,14:00,,https://www.kh.or.kr/program/view/menu/1292?viewType=ach&idx=410&searchRound=2&searchStTime=&searchEnTime=&searchField=homeAll&searchText=,https://www.kh.or.kr/jnrepo/upload/jnPrgFestivalProgram/202401/a6bf79fd67294e0dbbe18760153fdfac_1705300422472.jpg,0,0,0,1,1,0,0,0,0,0
2,1회,409,전야제 “좋은 날”(Good-Day!),전야제 “좋은 날”(Good-Day!),전야제 “좋은 날”(Good-Day!),경복궁,공식행사,행사형,현장참여,2015-05-01,2015-05-01,1,2015,5,봄,1,20:00,21:00,,https://www.kh.or.kr/program/view/menu/1292?viewType=ach&idx=409&searchRound=2&searchStTime=&searchEnTime=&searchField=homeAll&searchText=,https://www.kh.or.kr/jnrepo/upload/jnPrgFestivalProgram/202401/e228142f4e4d4b9a87a4358ede02d0cd_1705298465903.jpg,0,0,0,1,0,0,0,0,0,1
