지점,일시,평균기온(°C),최저기온(°C),최저기온 시각(hhmi),최고기온(°C),최고기온 시각(hhmi),강수 계속시간(hr),10분 최다 강수량(mm),10분 최다강수량 시각(hhmi),1시간 최다강수량(mm),1시간 최다 강수량 시각(hhmi),일강수량(mm),최대 순간 풍속(m/s),최대 순간 풍속 풍향(16방위),최대 순간풍속 시각(hhmi),최대 풍속(m/s),최대 풍속 풍향(16방위),최대 풍속 시각(hhmi),평균 풍속(m/s),풍정합(100m),평균 이슬점온도(°C),최소 상대습도(%),최소 상대습도 시각(hhmi),평균 상대습도(%),평균 증기압(hPa),평균 현지기압(hPa),최고 해면기압(hPa),최고 해면기압 시각(hhmi),최저 해면기압(hPa),최저 해면기압 시각(hhmi),평균 해면기압(hPa),가조시간(hr),합계 일조시간(hr),1시간 최다일사 시각(hhmi),1시간 최다일사량(MJ/m2),합계 일사량(MJ/m2),일 최심신적설(cm),일 최심신적설 시각(hhmi),일 최심적설(cm),일 최심적설 시각(hhmi),합계 3시간 신적설(cm),평균 전운량(1/10),평균 중하층운량(1/10),평균 지면온도(°C),최저 초상온도(°C),평균 5cm 지중온도(°C),평균 10cm 지중온도(°C),평균 20cm 지중온도(°C),평균 30cm 지중온도(°C),0.5m 지중온도(°C),1.0m 지중온도(°C),1.5m 지중온도(°C),3.0m 지중온도(°C),5.0m 지중온도(°C),합계 대형증발량(mm),합계 소형증발량(mm),9-9강수(mm),안개 계속시간(hr)
108,2025-01-01,2.6,-2.5,441,8.9,1540,,,,,,,9.7,290,1417,5.1,250,1519,2.2,1861,-3.6,49,1543,64.3,4.8,1011,1023.1,2359,1020,1446,1021.8,9.6,5.6,1200,1.73,8.55,,,,,,2.6,2.6,-.2,-9.5,-.2,-.3,.9,1.7,3.4,6.9,10,16.7,18.1,1.3,1.9,,
108,2025-01-02,.5,-2.9,804,6,1507,,,,,,,9.6,290,2247,4.9,320,2254,2.1,1816,-9.9,24,1404,48.8,3,1013.8,1026.1,2342,1023.1,1,1024.7,9.6,9,1200,1.97,11.03,,,,,,.8,0,-.7,-11.1,-.2,-.3,.8,1.6,3.4,6.8,9.9,16.6,18,1.9,2.6,,
108,2025-01-03,-1.1,-5.1,522,3.2,1551,.5,,,,,0,8.6,320,2338,4.6,320,2331,2.2,1929,-10.1,27,1208,52,2.9,1014.9,1027.5,1010,1024.4,1648,1025.9,9.7,7.7,1200,1.75,9.9,,,,,,3.1,3.1,-2.3,-13,-.2,-.3,.9,1.7,3.3,6.7,9.8,16.5,18,1.3,1.9,0,
108,2025-01-04,-.1,-5.4,752,5.7,1503,,,,,,,5.9,250,24,3.5,320,2,1.7,1438,-9.9,26,1448,49.6,2.9,1015.3,1027.7,915,1024.1,2356,1026.2,9.7,7.9,1200,1.97,11.03,,,,,,1.4,1.4,-1.5,-12.2,-.3,-.4,.7,1.5,3.2,6.7,9.7,16.4,18,1.6,2.3,4.4,
108,2025-01-05,1.2,-.7,109,2.5,2353,9,,,,,6.7,5.4,20,943,3.5,50,613,2.5,2150,-1.2,56,1,85,5.7,1008.4,1024.2,1,1016.3,2352,1019.2,9.7,0,1400,.33,1.03,6.4,1240,6.4,1240,6.4,9.4,8.5,-.7,-6.8,-.1,-.3,.8,1.6,3.2,6.6,9.6,16.3,17.9,.3,.4,5.3,
108,2025-01-06,1,-3,2336,3.4,1323,3.03,,,,,3,10.9,340,155,5.3,270,1415,2.8,2437,-3,56,2133,75.6,5.1,1005.7,1019.9,2224,1014,436,1016.5,9.7,2.3,1200,1.59,6.09,,,3.9,1,,6.3,6.1,-.3,-6,-.1,-.3,.6,1.4,3.2,6.5,9.5,16.2,17.9,1,1.5,0,
108,2025-01-07,-2.6,-5.7,800,1.5,1437,1,,,,,.1,10.1,270,1537,6.2,290,1541,2.7,2329,-10.9,37,1152,53.5,2.7,1007.5,1019.7,1,1015.8,1432,1018.5,9.7,7,1200,1.98,10.13,.4,1840,.4,1840,.4,2,2,-1.7,-11.7,-.1,-.3,.5,1.2,3.1,6.4,9.4,16.1,17.9,1.2,1.8,.1,
108,2025-01-08,-3.4,-6.1,2344,.2,1452,1.25,,,,,0,10.7,270,1620,6,250,1553,2.7,2321,-11.2,41,1649,55.1,2.6,1009.3,1023,2336,1018.3,1456,1020.3,9.7,4.9,1100,1.58,8.02,,,.2,1,,3.6,3.6,-2.4,-11.9,-.5,-.5,.4,1.2,3,6.3,9.3,16,17.8,1.3,1.9,0,
108,2025-01-09,-9.7,-11.6,2322,-6.1,1,.25,,,,,0,14.1,340,1326,7.6,290,1255,4.2,3587,-21.3,31,1409,38.4,1.1,1015.1,1030.9,2343,1023.1,1,1026.4,9.8,8.5,1200,2.12,12.36,,,,,,.1,.1,-5.3,-16.4,-1.5,-1.6,.4,1.2,2.9,6.2,9.2,15.9,17.8,1.1,1.6,,
108,2025-01-10,-7.3,-12.2,721,-1.7,1553,,,,,,,4.9,200,1444,3,340,411,1.6,1376,-16.5,36,1459,48,1.7,1020.6,1033.6,942,1030.4,1443,1031.9,9.8,9.2,1200,2.06,12.17,,,,,,1.5,1.5,-4.8,-17.1,-2.4,-2.5,-.1,.9,2.7,6.2,9.1,15.8,17.7,1.1,1.5,,
108,2025-01-11,-5.1,-9.5,752,.4,1502,,,,,,,6.9,180,1455,3.6,200,1455,1.7,1474,-12.5,35,1505,57.4,2.3,1017.7,1031.6,1,1026.4,2400,1028.8,9.8,9.1,1200,1.99,11.74,,,,,,0,0,-4.1,-15,-2.4,-2.4,-.3,.8,2.6,6,9,15.7,17.7,1.2,1.7,,
108,2025-01-12,-3.4,-8.2,748,2.5,1411,,,,,,,5.4,290,1419,3.4,320,1529,1.8,1533,-10.3,36,1323,59.9,2.8,1013.6,1026.5,1,1022.2,1428,1024.6,9.8,7.7,1200,1.88,9.9,,,,,,.8,.8,-4,-14.6,-2.1,-2.3,-.5,.6,2.4,5.9,8.9,15.6,17.6,1.1,1.6,0,
108,2025-01-13,-.4,-5.6,555,4.1,1330,7.42,,,,,1.3,6.8,200,1622,4,200,1500,1.7,1497,-4.1,56,1315,76.9,4.7,1013.9,1027.1,948,1023.1,1503,1024.8,9.8,2.2,1100,1.58,6.1,.1,1655,.1,1655,.1,6.1,5.5,-2.1,-12.9,-1.5,-1.7,-.5,.5,2.4,5.8,8.8,15.6,17.6,.7,1,1.4,
108,2025-01-14,2.3,-1.7,2355,5.2,1305,1.58,,,,,.1,7.5,290,2100,4.7,290,2102,2.3,1952,-2.8,41,2206,72,5.2,1013.1,1027.2,2359,1022.4,412,1023.9,9.8,2.3,1400,1.28,6.69,,,.1,1,,5,4.5,.5,-6.2,-.4,-.6,-.3,.5,2.3,5.7,8.6,15.5,17.5,1.2,1.7,,
108,2025-01-15,-3.5,-5.3,802,-.5,1517,,,,,,,9.5,250,1505,5.3,320,956,2.9,2501,-15.3,23,1354,40.8,1.9,1017.5,1030.1,1048,1027.1,2,1028.5,9.9,9.2,1200,2.14,12.74,,,,,,1,1,-2.5,-10.1,-.9,-1.1,-.3,.5,2.3,5.6,8.6,15.4,17.5,1.7,2.4,0,
108,2025-01-16,-.5,-4.9,1,2.8,1448,2,,,,,0,8.2,270,2124,4.7,320,2129,2,1708,-6.3,47,7,65.1,4,1013.7,1028.7,1,1022.1,1447,1024.6,9.9,.2,1300,.87,2.91,,,,,,6.8,6.8,-1.7,-7.7,-1.2,-1.3,-.4,.4,2.3,5.5,8.4,15.3,17.5,.6,.9,0,
108,2025-01-17,-.5,-4.9,750,5.6,1615,,,,,,,5.5,290,1407,3.3,290,1451,1.8,1577,-7.3,33,1635,62.4,3.6,1015.7,1028,916,1025.3,1,1026.7,9.9,9,1200,2,11.84,,,,,,0,0,-1.1,-12.7,-1.4,-1.3,-.4,.4,2.2,5.4,8.3,15.2,17.4,1.5,2.2,,
108,2025-01-18,1,-4,756,7.5,1340,,,,,,,4.4,250,1818,2.7,200,1358,1.6,1388,-7.8,27,1423,54.1,3.4,1013,1027,249,1020.8,2320,1023.8,9.9,7.9,1200,1.91,10.75,,,,,,2.3,0,-1.5,-11.2,-1.5,-1.4,-.5,.3,2.1,5.3,8.3,15.1,17.3,1.5,2.2,,
108,2025-01-19,3.8,-1.2,148,9,1418,,,,,,,4.9,180,1457,3.2,200,1428,1.8,1574,-2.3,47,1313,65,5.3,1006.3,1020.9,1,1014.4,1521,1016.9,10,3.7,1200,1.86,7.93,,,,,,7.4,6.6,.5,-8.7,-1.3,-.9,-.7,.1,2.2,5.3,8.1,15,17.3,1.1,1.5,0,
108,2025-01-20,3.9,.9,2346,7.5,1447,.17,,,,,0,4.8,180,1337,3,200,1017,1.7,1508,-.6,52,1543,73.1,5.8,1005.6,1019.3,2340,1014.3,434,1016.2,10,3.8,1300,1.64,7.55,,,,,,4.8,4.8,1,-7,-1,-.6,-.6,.1,2.2,5.2,8.1,14.9,17.3,1,1.5,,
108,2025-01-21,2.4,-1,809,6.3,1400,,,,,,,4.7,270,1407,3,230,1434,1.6,1345,-.8,65,1450,79.8,5.8,1011.1,1023.3,2216,1019.3,1,1021.9,10,6.4,1200,1.7,8.9,,,,,,2.3,1.4,.3,-7.8,-1,-.6,-.7,0,2.1,5.1,8,14.8,17.2,1,1.4,,
108,2025-01-22,3.6,.5,2353,7.7,1529,,,,,,,6.1,270,1419,3.6,230,1349,1.9,1662,-1.6,39,1410,70.3,5.5,1013,1025,2353,1022.7,406,1023.8,10,5.5,1200,1.94,9.42,,,,,,3.4,3.1,1.2,-7.6,-.9,-.6,-.6,.1,2.1,5.1,7.9,14.8,17.2,1.3,1.9,,
108,2025-01-23,2,-2.4,710,7.7,1526,,,,,,,5.4,340,1422,3.3,320,1634,1.6,1366,-7.2,24,1533,54.3,3.6,1014,1026.2,853,1023.2,1525,1024.9,10.1,9.3,1200,2.14,13.06,,,,,,0,0,.8,-9.4,-.9,-.6,-.6,.1,2.1,5,7.8,14.7,17.1,1.9,2.8,,
108,2025-01-24,3.1,-2.7,815,10.6,1542,,,,,,,4.6,320,1742,3,320,1807,1.5,1326,-8.1,24,1656,45.9,3.3,1015.4,1027.5,1027,1024.2,1507,1026.2,10.1,9.4,1200,2.14,12.68,,,,,,0,0,.6,-9.6,-.4,-.6,-.3,.3,2.1,5,7.7,14.6,17.1,2.1,3.1,,
108,2025-01-25,5.2,1.2,536,11.4,1404,,,,,,,8.9,50,2308,5,50,2243,3.1,2661,-3.9,35,1421,52.8,4.6,1017.8,1030.3,1009,1026.5,1520,1028.5,10.1,7.7,1200,2.2,11.67,,,,,,1.1,1.1,.6,-5.9,-.7,-.5,-.1,.5,2.1,4.9,7.7,14.5,17,2.3,3.3,,
108,2025-01-26,4.6,1.8,619,7.5,1330,,,,,,,7.8,50,640,5,50,643,2.8,2431,-4.9,38,1335,50.5,4.3,1014,1030.3,240,1018.5,2346,1024.7,10.2,1.9,1100,1.5,6.98,,,,,,8,4.1,.5,-3.2,-.8,-.5,-.2,.4,2.1,4.9,7.6,14.4,17,1.4,2,4.2,
108,2025-01-27,.2,-2.7,2357,5.1,1,22.35,,,,,5.6,13.1,180,1421,6.8,230,1114,3.5,3024,-3.3,54,1409,77.9,4.9,1003.7,1018.5,1,1012.7,1449,1014.5,10.2,1.2,1300,1.43,4.89,2.6,2345,2.6,2345,4.1,9.3,8.5,-.2,-2.2,-.7,-.6,-.3,.2,2.1,4.9,7.5,14.3,16.9,.8,1.2,1.5,
108,2025-01-28,-3.9,-5.3,2331,-2.5,1457,22.58,,,,,.1,15.2,290,1508,7.3,290,1517,4,3471,-8.3,58,1501,71.3,3.3,1004.8,1020.9,2344,1012.6,534,1015.8,10.2,.6,1000,.93,5.74,.4,455,2.8,330,.7,8.4,8.4,-.5,-4.9,-.7,-.5,-.2,.3,2.1,4.8,7.5,14.3,16.9,.7,1,.2,
108,2025-01-29,-4.6,-6.4,823,-1.3,1351,11.75,,,,,.2,10.3,270,1408,5.6,250,1409,3.1,2709,-10.1,43,1609,66.1,2.9,1013.5,1026.8,2304,1020.8,2,1024.5,10.3,6.7,1300,2.51,12.35,1,445,2.9,445,1,4.3,4.3,-1.1,-8,-.7,-.5,.1,.6,2.1,4.8,7.4,14.2,16.8,1.2,1.7,0,
108,2025-01-30,-3.8,-7.5,746,-1,1240,,,,,,,6,290,339,3.2,270,1304,1.6,1410,-14,29,1553,46.6,2.1,1016.9,1029.3,1052,1026.7,1,1028,10.3,2.7,1200,1.72,8.01,,,.4,1,,6.6,6.6,-1.7,-9.4,-.6,-.7,0,.5,2.1,4.8,7.4,14.1,16.8,1.1,1.5,.1,
108,2025-01-31,-.8,-2.6,647,.7,2317,17.92,,,,,2.4,5.9,50,1105,4,50,1109,2.1,1808,-4,40,48,80.1,4.7,1015.4,1028.3,1047,1024.8,1527,1026.4,10.3,0,1100,.32,1.83,2.9,1955,2.9,1955,3,9.4,9.4,-.8,-4.6,-.3,-.7,-.2,.4,2.1,4.8,7.3,14,16.7,.3,.5,2.3,
108,2025-02-01,1.6,-2,645,7.9,1558,,,,,,,4.7,50,1107,2.9,70,1056,1.6,1356,-2.7,51,1646,74.3,5,1010.7,1025.2,8,1018.7,1518,1021.4,10.3,7.3,1300,2.12,11.15,,,2.8,1,,4.3,0,-.6,-7.3,-.2,-.6,-.1,.4,2.1,4.7,7.3,14,16.7,1.3,1.9,,
108,2025-02-02,1.5,-2.5,808,6.8,1537,.08,,,,,0,6.4,270,1753,4.4,250,1757,2,1739,-4.2,41,1457,67.1,4.5,1007.6,1021,308,1016.3,1502,1018.4,10.4,7.8,1200,2.06,12.04,,,,,,3.5,.9,.2,-8.1,-.2,-.6,-.2,.3,2.1,4.7,7.3,13.9,16.6,1.7,2.4,0,
108,2025-02-03,-4.1,-8.2,2327,.6,1,,,,,,,14.4,250,1649,8,270,1649,4.2,3620,-13.5,28,1544,48.8,2.2,1009,1022.1,2140,1017.4,4,1020,10.4,9.6,1200,2.43,15.08,,,,,,0,0,-.7,-10.3,-.4,-.6,0,.5,2.1,4.7,7.2,13.8,16.6,1.7,2.4,,
108,2025-02-04,-9,-11.5,753,-5.3,1508,,,,,,,11.6,290,1347,6.3,290,1347,3.7,3221,-17.4,37,1447,50.8,1.6,1008.4,1021.8,3,1017.6,1711,1019.6,10.4,9.7,1200,2.47,15.63,,,,,,0,0,-3.9,-13.1,-1.2,-1.5,0,.6,2.1,4.7,7.2,13.7,16.5,1.2,1.8,,
108,2025-02-05,-8.6,-11.8,440,-3.7,1454,,,,,,,12.1,290,1258,6.7,290,1621,3.2,2792,-17.7,32,1251,49.1,1.5,1007.8,1022.2,2249,1016.5,1454,1019,10.5,6.8,1300,2.41,12.04,,,,,,2,.1,-4,-15.7,-2.1,-2.2,-.2,.4,2,4.6,7.1,13.7,16.5,1.2,1.8,,
108,2025-02-06,-5.6,-11.5,358,-.2,1332,2.75,,,,,2.3,9,230,1516,5,230,1524,1.7,1433,-12.5,32,1144,59.9,2.5,1009.5,1023.8,833,1018,1511,1020.6,10.5,5.9,1200,2.4,11.43,3.3,1655,3.3,1655,3.3,3.1,2.4,-3.4,-17.4,-2,-2.5,-.6,.2,1.9,4.6,7.1,13.6,16.4,1.1,1.6,2.7,
108,2025-02-07,-8,-10.7,2243,-4.7,310,6.17,,,,,.4,15.6,270,1015,7.6,270,1015,3.9,3405,-14.6,41,1513,60.1,2.1,1010.1,1027.3,2358,1015.8,547,1021.3,10.6,7.6,1200,2.63,14.93,.7,755,2.8,655,.7,3.5,3.3,-2.4,-13.1,-1.3,-1.8,-.7,0,1.9,4.5,7.1,13.5,16.4,1.2,1.7,0,
108,2025-02-08,-7.9,-11.5,555,-3.4,1617,,,,,,,7.8,270,610,4.2,270,41,2.8,2448,-15.5,43,1426,54.5,1.9,1017.2,1029.9,949,1027.2,1,1028.4,10.6,9.6,1200,2.52,16.12,,,1.5,1,,0,0,-3.6,-14.4,-2.2,-2.7,-1.1,-.3,1.8,4.5,7,13.5,16.3,1.2,1.8,,
108,2025-02-09,-4.7,-9.6,716,1.7,1513,,,,,,,7.3,250,1332,4.3,230,1610,2.2,1885,-10.8,38,1535,63.8,2.7,1015.9,1029.1,7,1024.7,1542,1027,10.6,9.4,1200,2.53,15.96,,,.7,1,,.3,0,-1.9,-15.2,-2,-2.4,-1.1,-.2,1.7,4.4,6.9,13.4,16.3,1.5,2.2,,
108,2025-02-10,-2.6,-7.5,710,2.6,1554,1.58,,,,,0,8.6,200,1559,4.7,250,1452,2.1,1811,-9.2,44,1121,61,3.1,1015.7,1028.3,2400,1024.9,1514,1026.7,10.7,7.2,1200,2.14,13.55,,,,,,1.3,1.3,-1.2,-13.1,-1.4,-1.8,-1,-.3,1.7,4.4,6.9,13.3,16.2,1.4,2,0,
108,2025-02-11,.5,-5.7,710,7,1459,,,,,,,5.9,110,1157,3.7,50,2250,2,1767,-6.9,38,1628,59.8,3.7,1016.6,1031.4,910,1022.6,2348,1027.5,10.7,9.4,1200,2.36,14.77,,,,,,2.1,.5,.2,-11.9,-1.3,-1.8,-1.1,-.4,1.7,4.3,6.8,13.3,16.2,1.8,2.6,1.3,
108,2025-02-12,.5,-2.9,2346,2.5,1551,12.5,,,,,2.5,11.9,320,2008,6.2,290,2009,2.6,2208,-3.5,47,1,75.8,4.9,1006.3,1023.6,9,1011.2,1527,1017.1,10.7,0,1000,.2,1.28,2.1,1015,2.1,1015,2.1,7.5,6,-.3,-6.3,-.4,-.9,-.9,-.4,1.7,4.3,6.8,13.2,16.2,.6,.8,1.2,
108,2025-02-13,.2,-5.8,643,6.1,1511,,,,,,,9.4,270,1717,5.3,250,1636,2.2,1881,-8.4,32,1129,53.1,3.3,1012.2,1024.9,816,1021.1,1555,1023,10.8,9.6,1200,2.56,16.5,,,.5,1,,0,0,.3,-11.9,-.9,-1.3,-.8,-.4,1.6,4.2,6.7,13.2,16.1,2,2.9,,
108,2025-02-14,3.7,-1.6,746,10.1,1517,,,,,,,7.6,200,1604,4.1,250,1606,1.9,1612,-2.5,32,1651,67.4,5.2,1010.6,1023,114,1019.5,1518,1021.3,10.8,9.5,1200,2.39,14.75,,,,,,1.5,0,1.6,-7.3,-.6,-1.1,-.9,-.4,1.6,4.2,6.6,13.1,16.1,2,2.8,,
108,2025-02-15,4.1,.4,701,7.8,1459,,,,,,,5.7,180,1402,3.5,200,1404,1.6,1421,.1,57,1514,76.5,6.2,1006.9,1021.1,41,1014.9,1745,1017.5,10.8,.9,1400,1.32,7.95,,,,,,5.4,4.5,1.6,-6.5,-.3,-.9,-.9,-.5,1.6,4.1,6.6,13,16,1,1.5,,
108,2025-02-16,4.3,.4,2359,9.7,1351,,,,,,,9.2,290,2144,5,270,2034,2.5,2127,.2,52,2354,75.6,6.4,1005.3,1019.2,2358,1013.2,1526,1016,10.9,3.4,1300,1.77,9.32,,,,,,5,5,1.3,-5.3,-.2,-.8,-.8,-.4,1.6,4.1,6.5,13,16,1.6,2.3,,
108,2025-02-17,-.3,-3.4,2357,3.5,1530,,,,,,,11.3,270,356,6.1,320,2043,3.6,3119,-12.8,27,1317,39.1,2.3,1012.8,1025.6,2219,1019.2,1,1023.7,10.9,9.9,1200,2.67,17.57,,,,,,.3,0,1.7,-7.4,-.2,-.6,-.5,-.1,1.6,4.1,6.5,12.9,15.9,2.5,3.5,,
108,2025-02-18,-2.3,-5.2,738,2.6,1505,,,,,,,12,270,1325,6.6,290,1558,3.4,2925,-14.4,21,1416,40.3,2,1015.1,1027.7,834,1023.6,1624,1026.1,10.9,9.9,1200,2.65,17.73,,,,,,0,0,.4,-9.2,-.4,-.5,-.3,.2,1.6,4,6.4,12.8,15.9,2.4,3.4,,
108,2025-02-19,-3,-5.8,357,1.2,1523,,,,,,,9.5,270,1616,5.2,270,1428,3,2621,-13.7,28,1606,44.8,2.1,1017.3,1030.1,2141,1027,354,1028.3,11,10,1200,2.69,17.9,,,,,,0,0,.1,-11.3,-.7,-1,-.4,.1,1.6,4,6.4,12.8,15.8,2,2.9,,
108,2025-02-20,-2.9,-6.5,634,1.9,1605,,,,,,,9.3,250,1830,5.6,290,1249,2.7,2354,-14.1,28,1718,43.3,2.1,1018.7,1031.4,948,1027.8,1503,1029.8,11,10,1200,2.77,18.07,,,,,,0,0,-.1,-13.3,-1.3,-1.3,-.3,.3,1.6,4,6.4,12.7,15.8,2.2,3.1,,
108,2025-02-21,-2.5,-6.4,502,2.6,1418,,,,,,,9.7,290,2151,5.4,270,1749,2.7,2366,-13.2,25,1745,45.3,2.2,1019.4,1031.6,832,1028.8,1542,1030.4,11.1,10.1,1200,2.71,17.73,,,,,,.3,.3,.1,-12.9,-1.1,-1.4,-.4,.2,1.6,4,6.3,12.7,15.7,2.2,3.1,,
108,2025-02-22,-2.3,-5.6,434,2.7,1355,,,,,,,9.5,200,1315,5.1,320,2237,2.7,2351,-12,30,1229,49.1,2.5,1020.9,1033.6,840,1030.2,1603,1032,11.1,10.2,1200,2.76,18.11,,,,,,0,0,.4,-12,-1,-1.3,-.3,.2,1.6,4,6.3,12.6,15.7,2.1,3,,
108,2025-02-23,-3.6,-6.5,502,.5,1529,,,,,,,11.3,230,1341,5.8,290,1419,3,2574,-14,29,1504,45.4,2.1,1019.7,1032.5,138,1028.3,1527,1030.8,11.1,10.1,1200,2.76,18.35,,,,,,.3,.3,-.2,-13.1,-.9,-1.4,-.4,.2,1.6,3.9,6.3,12.6,15.7,2,2.9,,
108,2025-02-24,-1.3,-6.3,407,4.7,1554,,,,,,,8.8,340,1331,5.5,320,1338,2.3,1993,-10.9,28,1502,49.8,2.7,1020,1032.6,932,1029.7,1622,1031,11.2,10.3,1200,2.78,18.74,,,,,,0,0,.6,-12.5,-1,-1.6,-.6,-.1,1.6,3.9,6.2,12.5,15.6,2.1,3.1,,
108,2025-02-25,2.1,-3.1,728,6.1,1251,,,,,,,11.5,270,1257,5.7,230,1355,2.9,2481,-2.4,52,1207,72.6,5.2,1015.2,1030.8,47,1022.6,1705,1026,11.2,5.4,1000,2.08,11.46,,,,,,4.8,3.8,-.3,-10.3,-.5,-1.1,-.6,0,1.6,3.9,6.2,12.4,15.6,1.4,2.1,,
108,2025-02-26,3.7,.7,2326,9.1,1527,,,,,,,10.2,290,1459,5.8,250,1555,2.6,2212,-8,17,1306,49.4,3.8,1012.9,1025.7,1012,1022.2,337,1023.6,11.3,9.6,1200,2.84,18.43,,,,,,1.4,1.4,3.1,-8.9,-.2,-1,-1,-.4,1.6,3.9,6.2,12.4,15.5,3.1,4.4,,
108,2025-02-27,5.8,-2,717,14.2,1454,,,,,,,7.8,160,1511,4.4,230,1513,1.9,1609,-11.9,12,1459,29.4,2.5,1010.8,1024.9,835,1018,1753,1021.4,11.3,10,1200,2.76,18.29,,,,,,2,.9,3.2,-9,-.1,-.6,-.3,.2,1.6,3.9,6.1,12.3,15.5,3.7,5.3,,
108,2025-02-28,7.8,3.7,604,13.7,1539,,,,,,,5.3,180,1426,3.3,180,1106,1.5,1267,-1.7,27,35,52.4,5.7,1009.4,1021.3,1153,1018.8,655,1019.9,11.3,3.4,1300,2.35,10.43,,,,,,3.9,3.9,2.8,-5.1,.1,-.5,-.4,.1,1.7,3.9,6.1,12.3,15.4,1.8,2.5,,
108,2025-03-01,8.5,3.4,552,13,1213,1.5,,,,,.6,6.1,50,918,3.8,50,919,2,1719,2.7,48,1208,68.5,7.5,1006.9,1020.7,202,1013.4,1524,1017.4,11.4,1.7,1100,2.3,7.53,,,,,,7.4,4,1.7,-4.9,.1,-.5,-.4,.1,1.7,3.9,6.1,12.2,15.4,1.4,2,.6,
108,2025-03-02,8.3,2.2,2349,15.6,1310,9.42,,,,,11.8,13.3,50,2341,7.8,50,2345,3.7,3233,2.1,29,1324,68,7.1,1005.1,1017.9,2325,1012.5,1306,1015.5,11.4,.4,1200,1.8,5.25,,,,,,9.8,7.9,3.9,.3,1,.3,-.4,.1,1.8,3.9,6.1,12.2,15.4,1.6,2.3,22.2,
108,2025-03-03,3.1,1,633,7.1,1311,7.33,,,,,10.4,16,50,1939,8.7,50,1508,6.3,5412,-3.5,47,1352,63.5,4.8,1011.2,1024.9,2356,1016.5,109,1021.9,11.5,6.6,1200,2.81,16.28,1.1,655,1.1,655,1.1,7.5,3.9,3.4,-.3,1,.3,-.3,.3,2,3.9,6.1,12.1,15.3,2.7,3.9,0,
108,2025-03-04,2.5,.9,1018,3.4,1707,8.75,,,,,4,13.9,50,609,6.7,70,756,4.5,3913,-2.9,54,1,68.3,5,1010.6,1025.3,18,1018.2,1820,1021.4,11.5,.6,1300,1.22,5.68,3.4,1255,3.4,1255,3.4,9.3,7.5,-.1,-.1,.7,0,.3,.9,2.4,3.9,6.1,12.1,15.3,1,1.4,4,
108,2025-03-05,4.8,2.3,707,9.2,1605,.5,,,,,0,5.6,20,13,3.6,50,16,2.2,1884,-1.6,48,1719,63.3,5.4,1011.4,1024,2230,1020.1,342,1022.1,11.5,1.6,1400,1.47,9.18,,,,,,6.6,6.6,4,-2.2,2.6,2,1.5,1.4,2.5,4,6.1,12,15.2,1.4,1.9,,
108,2025-03-06,4.8,-.4,721,10.4,1547,,,,,,,7.9,290,1306,4.3,270,1540,2.3,2029,-4,36,1353,55.1,4.6,1014.6,1027.7,2320,1023.5,1601,1025.3,11.6,10.5,1200,2.76,19.3,,,,,,.4,.4,4.8,-7.7,3.4,2.8,2.6,2.3,3,4.1,6.1,12,15.2,3,4.2,,
108,2025-03-07,5.3,0,706,11.1,1519,,,,,,,6.5,250,1627,3.9,290,1720,1.8,1556,-4.9,32,1425,49.3,4.3,1015.9,1029.1,757,1024.8,1520,1026.6,11.6,8.6,1100,2.33,15.35,,,,,,5.5,1,4.1,-7.4,3.8,3.3,3.2,2.9,3.6,4.2,6.1,11.9,15.1,2.3,3.3,,
108,2025-03-08,5.8,2.8,732,11.2,1440,,,,,,,9,200,1525,5,270,1622,2.2,1908,-3.4,22,1511,55,4.9,1015,1028.1,2339,1023.8,1414,1025.6,11.7,9,1200,2.86,17.83,,,,,,3.5,1.5,6.4,-3.9,4.8,4.3,3.8,3.4,4,4.4,6.2,11.9,15.1,2.7,3.9,,
108,2025-03-09,6.9,1.2,717,13.5,1636,,,,,,,5.9,250,1558,3.7,250,1507,1.7,1508,.6,33,1626,67.3,6.4,1018.5,1031.5,921,1027.1,1735,1029.1,11.7,10.4,1200,2.81,19.37,,,,,,.1,.1,6.3,-6.3,5.4,4.8,4.4,4,4.5,4.7,6.2,11.9,15.1,2.8,4,,
108,2025-03-10,8,2.4,544,14.9,1503,,,,,,,7.8,180,1532,4.6,200,1400,2.1,1775,-.1,29,1440,59.8,6.1,1014.9,1028.9,56,1022.7,1657,1025.4,11.7,10.5,1200,2.77,19.27,,,,,,.8,0,7.4,-5.1,6.1,5.5,5.1,4.6,5,4.9,6.3,11.8,15,3.1,4.5,,
108,2025-03-11,9.4,2.9,655,16.6,1532,,,,,,,6.5,250,1741,4.2,250,1748,1.8,1532,1,36,1445,58,6.6,1009.6,1023.3,6,1016.3,1653,1020,11.8,10.2,1200,2.91,19.89,,,,,,2.6,0,8.9,-5.1,6.8,6.2,5.6,5.1,5.5,5.2,6.4,11.8,15,3.2,4.6,,
108,2025-03-12,8.5,6.7,548,11.8,1315,1.08,,,,,0,7.9,200,1605,4.5,230,1607,2.1,1848,3.5,49,1209,72.3,7.9,1005.7,1019.3,2330,1014,1411,1016.1,11.8,.1,1100,1.24,5.68,,,,,,8.4,6.1,7.5,-.4,7.3,6.7,6.3,5.8,6.1,5.5,6.5,11.7,15,1.2,1.7,0,
108,2025-03-13,8.9,3.2,703,15,1632,,,,,,,7.4,290,1402,4.8,290,1543,2.4,2087,-1.7,22,1430,54.6,5.6,1011.6,1025,2317,1019.2,34,1022.1,11.8,10.5,1300,2.83,18.93,,,,,,5.3,0,9.2,-4.6,7.3,6.7,6.3,5.9,6.3,5.8,6.6,11.7,15.3,3.6,5.1,,
108,2025-03-14,12.4,5,703,20.1,1515,,,,,,,7.6,20,1026,3.9,70,1001,1.8,1522,-4.9,17,1358,31.4,4.3,1013.9,1026.6,731,1022.6,1527,1024.3,11.9,9.7,1200,2.92,20.11,,,,,,3,.8,10.5,-3.7,8.1,7.4,6.7,6.2,6.6,6,6.8,11.7,15.3,5,7.1,,
108,2025-03-15,12.6,10,709,17.2,1437,.75,,,,,0,9.1,70,940,5.1,70,946,2.8,2442,-1.6,24,1501,39.1,5.5,1010.1,1023.5,823,1017.2,1813,1020.4,11.9,6.3,1300,2.88,16.89,,,,,,7.9,4.9,12,6.5,9.5,8.9,7.8,7,7.2,6.3,6.9,11.6,15.2,3.8,5.4,.6,
108,2025-03-16,4.9,1.3,2331,10.1,1,9,,,,,.8,11.6,290,1834,6.4,290,1522,3.6,3106,-3.7,27,1642,56.3,5,1002.8,1017.7,1,1010.6,1527,1013.3,12,3.9,1400,1.87,9.76,,,,,,6.6,5.6,7.1,-1.6,7.7,7.3,7.9,7.5,7.8,6.6,7.1,11.6,15.2,2.1,3,.2,
108,2025-03-17,2.5,-1.3,631,6.8,1350,3.92,,,,,.4,9.6,250,56,5.2,200,1556,2.9,2524,-8.7,21,1211,46,3.3,1005.5,1018.6,923,1013.8,2321,1016.2,12,9.5,1300,2.84,19.33,.3,2355,.3,2355,.3,5.1,2.6,5.1,-7.3,5.4,4.8,5.8,6.2,7.3,6.9,7.3,11.6,15.1,2.6,3.7,10.3,
108,2025-03-18,2.1,.3,711,5.6,1636,12.92,,,,,9.9,12.5,20,1539,6.4,360,1534,2.8,2451,-3.1,49,1535,70.6,5,1004.3,1022.1,2343,1009.8,540,1015,12.1,3.8,1300,2.14,10.7,8.7,755,8.9,755,8.7,7.9,7.5,2.8,-2.1,4.5,3.7,4.7,5.1,7,7,7.5,11.6,15.1,1.5,2.1,0,
108,2025-03-19,2.4,-1.9,543,7.3,1459,,,,,,,9.6,250,1735,4.8,250,1736,2.4,2045,-7.8,26,1156,49.5,3.5,1012.6,1025,1023,1022,1,1023.3,12.1,11.3,1200,3.18,22.71,,,,,,1,1,4.3,-8.1,4.1,3.7,4.3,4.8,6.2,7.1,7.6,11.5,15.1,3,4.3,,
108,2025-03-20,8.2,2.2,1,15,1448,,,,,,,11.1,250,1533,6.2,230,1543,2.7,2347,1.2,41,1528,62.8,6.8,1007,1023.4,1,1013.6,1647,1017.4,12.1,7.3,1200,2.99,18.04,,,,,,3.3,3.3,8.7,-1.3,6.3,5.8,5.4,5.2,6.2,7,7.7,11.5,15,3,4.2,,
108,2025-03-21,11.6,7.9,125,18.7,1555,,,,,,,8.4,250,1557,5,250,1606,2.9,2493,3.7,34,1556,61.3,8,1001,1014.4,9,1008.2,1616,1011.3,12.2,9.5,1200,2.96,20.44,,,,,,2.4,2.4,12,2.2,9.2,8.7,7.2,6.4,6.9,7,7.8,11.5,15,3.8,5.5,,
108,2025-03-22,12.8,6.1,645,19.9,1504,,,,,,,10.9,200,1537,6.2,250,1525,2.7,2331,2.9,26,1532,53.8,7.6,998.9,1011.3,1,1006.9,1635,1009.1,12.2,11.1,1200,3.01,21.44,,,,,,0,0,12.1,-.6,9.8,8.4,6.6,5.9,7.9,7.1,7.8,11.5,15,4.4,6.3,,
108,2025-03-23,15.2,7.1,615,24,1427,,,,,,,8.8,230,1639,4.8,230,1646,1.9,1643,3.6,25,1415,49,7.9,998.6,1011.8,934,1006.4,2359,1008.7,12.3,8.9,1200,3.04,19.96,,,,,,4,.9,13.4,-.6,10.9,9.4,7.3,6.6,8.5,7.4,7.9,11.5,14.9,4.2,6,0,
108,2025-03-24,15.5,11.7,2324,21.3,1349,.67,,,,,0,9.9,270,1426,5.8,270,1436,3,2586,6.3,39,542,56.1,9.7,992.5,1006.4,1,999.6,1508,1002.6,12.3,7.6,1200,2.85,18.71,,,,,,6.1,3.8,14.5,4.8,12.3,10.8,8.6,7.6,9.2,7.7,8.1,11.5,14.9,3.7,5.3,,
108,2025-03-25,12.7,8.4,2353,21.4,1353,,,,,,,16.2,180,1354,7.9,230,1444,3.3,2853,5.5,32,1353,63.5,9.1,990,1004.5,2354,993.5,1347,1000.1,12.3,3.9,1300,2.44,13.63,,,,,,5.1,3,12.7,3.8,12,10.5,8.8,8,10,8.1,8.2,11.5,14.9,3,4.3,,
108,2025-03-26,15.5,6,535,23.9,1639,,,,,,,7.1,110,1047,4.4,70,1022,2.2,1859,2.3,20,1630,46.4,7.2,992.9,1008.1,732,998.2,1942,1002.9,12.4,10,1200,3.03,20.83,,,,,,3.4,.6,14,-.8,11.5,10,8.5,8,10.1,8.5,8.4,11.5,14.8,4,5.7,.2,
108,2025-03-27,13.7,7.1,2359,18.6,11,4.83,,,,,.3,12,320,1906,7.1,290,1740,3.2,2745,6.8,30,1656,65.1,10.3,991.3,1008.1,2359,997.3,517,1001.4,12.4,1.9,1400,1.83,8.16,,,,,,8.9,7,14,4.7,12.5,11.7,10.5,9.6,10.5,8.8,8.6,11.5,14.8,2.3,3.2,.1,
108,2025-03-28,6.5,3.1,2358,11.8,1335,,,,,,,12.1,340,1608,7.4,320,1613,3.7,3200,-6.6,16,1552,41.6,3.9,1003.5,1020.4,2348,1007.8,5,1014,12.5,7.8,1200,3.36,21.46,,,,,,2.9,1,9.8,-5.6,9.9,9.6,10.2,10.1,10.7,9.1,8.8,11.5,14.8,4.1,5.8,,
108,2025-03-29,3.3,.6,629,6.7,1502,2.25,,,,,0,14.9,270,1549,8.7,290,1550,3.6,3084,-9.4,18,1550,40.8,3.2,1011.3,1026.8,2309,1019.8,1454,1022,12.5,7.3,1500,2.46,15.68,,,,,,2.9,1.6,6.2,-7.7,6.9,6.6,8.4,9,10.2,9.3,9,11.5,14.8,2.7,3.8,0,
108,2025-03-30,3.3,-1.8,649,7.6,1704,4.67,,,,,0,11,250,1206,6.2,250,1215,2.8,2431,-6.1,28,1810,51.1,4,1016.7,1029.3,940,1025.2,1827,1027.4,12.5,7.1,900,2.18,14.39,,,,,,2.9,2.9,4.3,-9.7,5.5,5.1,6.7,7.5,9.2,9.4,9.2,11.5,14.7,2.1,3,0,
108,2025-03-31,7.7,1.2,612,14.1,1542,,,,,,,9.7,200,1355,4.4,250,1741,2.2,1906,-2.9,21,1654,50.5,5,1014.1,1027.3,11,1022,1546,1024.7,12.6,10.8,1200,3.2,23.15,,,,,,1.6,0,10.3,-5.6,7.6,6.9,6.8,7,8.5,9.3,9.3,11.5,14.7,3.5,5,,
108,2025-04-01,10.1,3.9,638,17,1444,,,,,,,7.7,270,1717,4.1,290,1635,1.8,1594,-.3,23,1728,53,6.1,1011.3,1024.6,1,1019.1,1704,1021.7,12.6,10.2,1200,3.19,22.77,,,,,,.6,.6,11.9,-3.2,9.4,8.6,8,7.6,8.8,9.1,9.4,11.5,14.7,4.1,5.9,,
108,2025-04-02,8.9,5.2,558,14.4,1157,.32,0,,0,,0,13.2,250,1556,6,250,1600,2.4,2096,-.2,23,1354,55.4,6.1,1008.2,1020.5,51,1016.7,1544,1018.6,12.7,4.6,1000,2.31,12.07,,,,,,6.3,3.4,9.3,-2.7,8.7,8.3,8.4,8.3,9.4,9.1,9.5,11.6,14.7,2.4,3.5,0,
108,2025-04-03,9.8,3.6,630,16.9,1455,,,,,,,9,250,1705,5.5,250,1743,2.4,2084,1.2,29,1341,58.6,6.7,1009.1,1021.4,720,1017.5,1525,1019.5,12.7,11.6,1200,3.28,23.81,,,,,,.1,.1,13.2,-3.1,10,9.3,8.5,8.1,9.4,9.2,9.5,11.6,14.6,3.8,5.4,,
108,2025-04-04,10.6,6,630,16.4,1407,,,,,,,8.7,250,1442,5.1,270,1450,2.2,1918,1.1,29,1405,54.5,6.7,1008.4,1021.1,800,1016.8,1602,1018.8,12.7,10.4,1200,3.3,23.53,,,,,,2.1,1.8,13.7,-.5,10.8,10.2,9.5,9,9.8,9.3,9.6,11.6,14.6,4,5.7,2.2,
108,2025-04-05,8,7.5,1646,9.5,1,18.22,1.1,1745,4.3,916,22.8,6.1,230,114,4,230,117,1.9,1600,5.7,57,7,86.1,9.2,1001.1,1017.7,107,1007.8,1724,1011.5,12.8,0,1200,.32,2.17,,,,,,10,8.1,8.4,5.9,9.3,8.3,8,7.9,10.3,9.5,9.6,11.6,14.6,.6,.8,20.6,
108,2025-04-06,10.3,6.9,642,15.7,1508,.33,0,,0,,0,9.1,200,1659,5.1,250,1253,2.8,2419,3.7,36,1336,67.3,8.1,1004,1017.1,2233,1010.8,1,1014.4,12.8,9.6,1200,3.33,22.7,,,,,,3.1,3.1,12.2,2.1,10.8,9.9,8.8,8.4,10,9.6,9.7,11.6,14.6,3.7,5.3,,
108,2025-04-07,13.5,5.5,649,20.1,1428,,,,,,,11.6,200,1805,6.9,180,1806,2.7,2357,3.3,27,1431,54.5,7.8,1005,1018.5,831,1011.9,2148,1015.3,12.9,11.3,1200,3.24,23.67,,,,,,.9,.9,13.9,-2,11.5,10.9,10.1,9.6,10.5,9.7,9.8,11.7,14.6,4.7,6.8,,
108,2025-04-08,13.8,10.7,622,18.9,1533,,,,,,,11.7,250,147,6,290,1308,3.1,2721,4.1,28,1230,55,8.3,1002.9,1014.6,1006,1011.6,1657,1013.1,12.9,9.2,1200,3.35,23.34,,,,,,3.5,2.8,15.3,3.9,13.1,12.5,11.3,10.5,11.1,9.9,9.9,11.7,14.6,4.6,6.6,,
108,2025-04-09,12.7,8.4,628,18,1313,2.52,.5,1926,.8,1839,.8,8.9,230,1430,5.5,230,1435,2,1754,2.4,30,1503,51.6,7.3,1000.2,1014.4,1,1006.6,1817,1010.4,12.9,2.2,1200,2.62,12.49,,,,,,9,4.4,12.1,2.1,11.9,11.4,11.1,10.6,11.6,10.1,10,11.7,14.5,2.7,3.9,.8,
108,2025-04-10,13.2,8.8,657,19.1,1515,3.42,0,,0,,0,8.2,250,1726,5.5,270,1740,2.2,1908,5.4,40,1438,60.6,9,996.3,1008.6,2357,1004.7,1511,1006.5,13,9.7,1400,3,22.16,,,,,,2,1.5,15.9,3.2,12.5,12.2,11.2,10.6,11.6,10.4,10.1,11.7,14.5,3.8,5.5,0,
108,2025-04-11,16.2,8.1,617,24.2,1453,,,,,,,7,270,1537,4.1,270,1546,2,1740,5.2,25,1408,51.8,8.9,999.4,1011.2,825,1007.6,1613,1009.5,13,11.8,1200,3.42,25.16,,,,,,1.9,0,17.2,1.3,13.6,12.9,11.6,10.9,12,10.6,10.3,11.8,14.5,5.3,7.6,,
108,2025-04-12,12.9,1.4,2329,22.5,1135,11.17,1,2151,4.2,2144,15.4,14.3,270,2111,7.9,270,2114,3.1,2685,5.7,26,1155,66.5,9.4,995.1,1010.4,1,1001.4,1637,1005.2,13.1,1.5,1000,2.1,8.09,.2,2359,.2,2359,.2,9.5,5.5,12.1,.1,12.9,12.5,12.2,11.6,12.6,10.8,10.4,11.8,14.5,2.1,3.1,18.5,
108,2025-04-13,5.5,1.1,45,8.2,1002,6.47,.6,16,2.7,-2334,4.2,21.5,270,1400,9,250,1403,4.2,3665,.4,47,1008,71.1,6.3,988.8,1003.5,1,997.5,854,999.2,13.1,3.7,1100,2.64,12.47,.4,100,.6,100,.4,7,4.6,6.5,.1,8.7,8.1,9.3,9.8,12.2,11.1,10.6,11.8,14.4,1.8,2.6,2.4,
108,2025-04-14,4.4,2.6,304,6,1110,11.88,2,1123,3.9,1117,7.4,11.5,290,244,5.9,180,36,2.5,2192,2.5,65,2,87.4,7.3,988.1,1002.9,2357,996.1,1434,998.5,13.1,.3,800,.81,5.6,,,,,,7.3,4.6,5.6,-.9,7.4,6.7,7.2,7.8,11.3,11.2,10.7,11.8,14.4,.8,1.2,6.1,
108,2025-04-15,8.2,2.3,432,14,1504,,,,,,,10.6,230,1324,6.2,250,1611,2.7,2361,2.5,39,1346,70.3,7.3,995.5,1009.1,2332,1002.9,1,1005.9,13.2,12.1,1200,3.65,26.94,,,,,,2.1,1.9,11.3,-3.8,8.4,8.6,8.3,8.4,10.5,11.1,10.8,11.8,14.4,3.6,5.1,,
108,2025-04-16,14.6,6.4,330,21.9,1435,,,,,,,10.7,180,1502,6,200,1511,2.5,2181,5.5,36,1524,58,9.1,996.5,1009.4,55,1004.4,1627,1006.7,13.2,9.7,1100,3.16,22.26,,,,,,5.5,2.6,13.7,.9,10.9,11.4,10.3,9.9,10.8,10.9,10.9,11.9,14.3,4.1,5.9,,
108,2025-04-17,19.7,15.8,618,24.7,1328,,,,,,,8.4,200,1259,4.9,250,1712,2.6,2259,12.5,47,39,63.5,14.5,994.2,1005.8,116,1002.3,1513,1004.1,13.2,2.9,1200,2.71,15,,,,,,6.1,4.8,17,8.5,13.9,14.2,12.4,11.3,11.7,10.9,11,11.9,14.3,3.2,4.6,0,
108,2025-04-18,18.6,15.4,902,23.7,1621,.83,0,,0,,0,8.8,180,109,4.4,230,146,2.4,2092,12,36,1725,67.9,14.1,998.3,1010.7,1042,1004.7,125,1008.3,13.3,5,1300,2.85,15.19,,,,,,6,4.4,18.2,10.8,15.4,15.5,13.7,12.5,12.8,11.1,11,11.9,14.2,2.8,4,1,
108,2025-04-19,15.3,12.2,2352,20,1311,11.5,1.6,1829,3.6,1741,9.2,15.4,180,1156,8,200,1145,3,2608,13.4,70,2,89.1,15.5,997.7,1010.5,25,1005.1,1333,1007.8,13.3,0,1100,.64,2.93,,,,,,8.6,7.3,14.5,7.2,14.1,14.4,13.7,12.9,13.5,11.4,11.1,12,14.2,1.1,1.5,8.2,1.63
108,2025-04-20,16.7,9.5,543,24.1,1617,,,,,,,5,250,1543,3.2,180,1530,1.7,1459,10.5,42,1826,70,12.7,1001.8,1014.1,2251,1009.3,1,1011.9,13.4,11.6,1200,3.55,26.74,,,,,,2.1,1.5,18.2,3.3,15.7,14.9,13.3,12.5,13.5,11.7,11.2,12,14.2,4.4,6.3,,
108,2025-04-21,20.7,14.2,503,27.1,1518,,,,,,,7.2,230,1401,4.6,270,1856,2.2,1896,13.4,42,1401,65.3,15.5,1002.7,1015.9,809,1009.9,2348,1012.6,13.4,7.7,1100,3.25,22.78,,,,,,5,4.3,21,8.6,17.8,16.5,14.3,13.1,14.2,12,11.3,12,14.1,4.4,6.3,11.2,
108,2025-04-22,17.8,14.2,2358,20.4,1,11.53,2.5,622,8.4,604,34.8,6.9,270,1212,3.9,290,1218,1.5,1282,15.6,75,1,87.8,17.9,994.8,1010.1,6,1001.6,1630,1004.8,13.4,0,1500,.47,3.12,,,,,,7.4,5.9,17.2,10.2,17.5,16.2,14.7,13.7,15.1,12.3,11.5,12.1,14.1,1.1,1.6,23.6,
108,2025-04-23,16.8,10.9,558,22.9,1410,,,,,,,7,270,1441,4.2,70,843,2.5,2200,9,36,1413,62.4,11.5,995.9,1007.3,754,1004.3,1602,1005.9,13.5,12.5,1300,3.31,26.28,,,,,,3.5,0,18.6,5,17,16.1,15,14.2,15.5,12.9,11.8,12.1,14.1,4.8,6.9,,
108,2025-04-24,14.7,10.7,2352,19.6,1434,,,,,,,11.6,250,1619,6.2,230,1550,3.1,2644,3.9,25,1800,52.4,8.5,998.2,1012.7,2400,1005.7,1552,1008.3,13.5,12.2,1200,3.44,27.27,,,,,,.9,0,19.2,3.9,16.8,16,15.5,14.8,15.6,13.2,12.1,12.1,14,5.1,7.3,,
108,2025-04-25,12.5,7.7,555,17.8,1357,,,,,,,12.7,290,1559,6.5,230,1524,3,2629,-2.1,20,1116,38.4,5.3,1004.7,1017.1,2335,1012.6,1,1015,13.6,12.5,1200,3.55,27.87,,,,,,0,0,17.2,.3,15.1,14.4,14.7,14.5,15.5,13.4,12.3,12.1,14,5.9,8.5,,
108,2025-04-26,13.8,7.2,601,20,1351,,,,,,,10.7,180,1523,6,200,1529,2.8,2402,4.1,36,1246,53.1,8.2,1006.9,1018.5,648,1015.6,1731,1017.2,13.6,12,1200,3.55,27.29,,,,,,0,0,19.1,.8,15.4,14.6,14.4,14.1,15.1,13.6,12.5,12.2,14,5.2,7.4,,
108,2025-04-27,14.9,10.7,245,19.1,1419,,,,,,,10.6,200,1035,5.6,270,1306,2.8,2404,3.1,31,1040,46.4,7.7,1003.8,1017.5,8,1011,1933,1014,13.6,6.3,1400,2.38,18.58,,,,,,6.5,1,17.8,3.7,15.5,14.8,14.6,14.4,15.2,13.7,12.6,12.2,14,3.9,5.6,,
108,2025-04-28,15.1,10.3,636,20.2,1535,,,,,,,13.1,320,1410,6.3,250,1334,2.7,2324,2.4,18,1558,45.6,7.6,998.9,1012.8,5,1005.8,1612,1009,13.6,12.5,1200,3.59,27.28,,,,,,1,1,20.3,2.3,16,15.2,14.7,14.2,15.1,13.7,12.8,12.3,14,5.5,7.9,,
108,2025-04-29,14.8,8.2,538,21,1353,,,,,,,8.5,270,1438,4.7,250,1525,2.3,1956,-1.5,17,1658,34.1,5.5,1001.8,1013.6,2359,1010.5,1711,1011.9,13.7,12.8,1200,3.55,28.09,,,,,,0,0,20.3,.1,15.9,15.2,14.7,14.3,15.2,13.8,12.9,12.3,13.9,6.3,8.9,,
108,2025-04-30,18.4,10,558,25.8,1419,,,,,,,10.8,200,1321,5.9,200,1541,2.6,2242,2.4,20,1324,36.3,7.3,1002,1014.2,834,1009.5,2356,1012,13.7,12,1100,3.45,27.73,,,,,,2.4,0,22.8,2.4,16.9,16.1,15.1,14.5,15.3,13.9,13,12.4,13.9,7.1,10.1,,
108,2025-05-01,14.7,11.3,2355,17.6,744,7.6,2.5,1246,9,1237,21.1,8,110,646,3.8,200,2112,2.2,1889,7.9,27,553,69.6,11.3,996.2,1010.1,105,1003.9,1801,1006.3,13.8,0,700,.49,2.15,,,,,,7.3,5.5,13.3,6.4,15,14.7,15.2,15,15.7,14,13.1,12.4,13.9,1,1.5,21.1,
108,2025-05-02,13.4,8.2,600,18.5,1530,.75,0,,0,,0,12.1,230,1545,5.7,290,1308,3.1,2661,5.1,34,1343,59.3,8.8,999,1010.4,913,1007.3,1,1009.2,13.8,9.1,1200,3.36,24.67,,,,,,5.6,3.8,16.8,3.5,14,13.9,13.6,13.6,15.1,14.1,13.2,12.5,13.8,3.9,5.6,7,
108,2025-05-03,11.2,9.5,708,14,1353,11.55,.6,415,2.2,402,7.3,9.3,270,1544,5.3,250,1552,2.3,1988,7.8,47,114,80.5,10.6,997.9,1010,405,1006.1,1522,1008.1,13.8,1.2,1300,2.53,7.6,,,,,,6.9,5.4,11.7,5.4,13.5,13.5,14,14,15.2,14.1,13.4,12.5,13.7,1.5,2.1,.3,
108,2025-05-04,13.7,8.2,417,19.9,1418,,,,,,,14.3,270,1252,7.2,250,1324,2.8,2448,5.1,24,1358,60.9,8.8,1001.1,1014.2,2335,1009.8,1732,1011.3,13.9,12.8,1300,3.58,28.63,,,,,,1.1,0,17.2,2.2,14.2,13.8,13.3,13.1,14.8,14.2,13.4,12.6,13.7,5.2,7.5,,
108,2025-05-05,12.1,9.3,317,15,1350,,,,,,,8.7,20,1455,5,50,1455,2.3,2010,5.4,53,1303,64.5,9,1001.3,1014.6,110,1008.6,1646,1011.5,13.9,.3,900,1.29,7.03,,,,,,8,6.1,12,3.2,13.1,12.9,13.3,13.3,15,14.2,13.5,12.6,13.6,2,2.9,,
108,2025-05-06,14.4,8.5,450,19.5,1630,,,,,,,7.9,270,1843,4.7,250,1849,2.2,1889,5.6,36,1633,57.5,9.1,996.5,1009.4,1,1004.5,1628,1006.6,13.9,8.5,1000,2.7,20,,,,,,3.8,.8,15.2,2.7,13.4,13.3,13,12.9,14.7,14.2,13.6,12.7,13.6,3.7,5.2,,
108,2025-05-07,14.9,9.9,554,21.1,1439,,,,,,,8.4,270,1554,5.1,270,1619,2.2,1891,7.2,39,1303,61.5,10.2,1002.4,1016.2,2309,1008.8,3,1012.6,13.9,12.3,1200,3.71,27.9,,,,,,2,.4,19.9,4,15.1,15,14,13.5,14.8,14.2,13.6,12.7,13.6,4.7,6.8,,
108,2025-05-08,17.4,9.7,602,24.9,1543,,,,,,,7.6,290,1801,4.9,290,1752,1.8,1577,7.1,24,1612,53.5,10.1,1005.8,1017.8,721,1013.1,1556,1015.9,14,11.2,1200,3.6,26.79,,,,,,5.3,1.3,21.8,4.5,16.4,16.2,15.1,14.4,15.3,14.2,13.7,12.8,13.5,4.8,6.9,1.9,
108,2025-05-09,15.1,14.1,1330,17.4,8,17.17,1.4,1622,3.6,1439,17.6,10.8,70,1255,5.9,50,1421,3,2587,11.6,51,43,81.8,13.9,993.9,1016,1,995.2,2356,1004,14,0,1200,1.02,4.38,,,,,,10,7.6,14.6,13.1,15.3,15.4,15.4,14.9,15.9,14.3,13.7,12.8,13.5,.8,1.2,21.9,
108,2025-05-10,12.3,11.6,831,15.3,110,16.25,.8,249,2.7,-2356,14.1,10.9,230,759,6,230,902,3.5,3042,11.6,92,1604,95.5,13.6,989.2,1005.5,2314,994.1,309,999.3,14,0,1100,.25,2.15,,,,,,9.8,8.9,12.9,11.2,13.8,14,14.4,14.4,15.8,14.5,13.8,12.9,13.5,.6,.9,7.9,
108,2025-05-11,14.7,11.4,206,20.2,1643,.83,0,,0,,0,7.6,270,1732,4.7,270,1711,1.9,1622,10.4,55,1727,76.9,12.6,995.2,1006.8,2357,1003,1635,1005.3,14.1,4.7,1200,2.51,16.46,,,,,,5.5,4.8,16.4,7.5,15.3,14.8,13.9,13.7,15.3,14.6,13.9,13,13.5,2.9,4.1,,
108,2025-05-12,17,9.8,543,23.6,1635,,,,,,,8.8,180,1354,5.7,180,1356,2.1,1821,9.1,36,1827,62.6,11.5,999.2,1011.3,2343,1006.8,1,1009.2,14.1,12.7,1200,3.64,28.93,,,,,,0,0,21,5.6,17,16.2,14.9,14.2,15.6,14.6,14,13,13.4,5.2,7.4,,
108,2025-05-13,19.9,13.3,512,25.8,1309,,,,,,,12.6,230,1348,6.5,230,1340,2.7,2297,7.3,27,1302,47.4,10.3,1003.7,1015.1,2204,1011.2,1,1013.7,14.1,9,1200,3.48,24.02,,,,,,4.8,0,20.8,8,18.4,16.6,14.6,13.7,16.2,14.7,14,13.1,13.4,6,8.6,,
108,2025-05-14,21,14.1,547,26.7,1437,.5,0,,0,,,9.7,270,1548,5.6,250,1551,2.4,2046,10.5,31,1310,52.8,12.9,1004.5,1016.9,732,1012.7,1457,1014.5,14.2,11.7,1200,3.58,26.31,,,,,,3.5,1.5,22.9,7.4,19.2,17.8,16,15.1,16.8,14.9,14.1,13.1,13.4,5.1,7.3,1,
108,2025-05-15,19.5,16.8,922,22.2,1621,9.5,.1,,.4,639,1.1,8.1,160,152,4.4,250,903,2.3,1994,16,67,1658,80.9,18.2,1003.5,1015.7,2318,1011.4,450,1013.4,14.2,.8,1500,1.5,9.9,,,,,,8.9,6.1,19.6,14,19.5,18.1,16.2,15.2,17.4,15.1,14.2,13.2,13.4,1.7,2.5,,
108,2025-05-16,19.4,17.8,2339,22,1437,18.58,7.7,1607,14.2,1549,51.3,7.7,180,1607,4.2,180,1709,1.8,1543,18.1,85,205,92.6,20.9,1000.9,1015.5,1,1006.1,2229,1010.9,14.2,0,900,.7,3.75,,,,,,9.8,8.4,19.6,16.2,18.8,17.6,16,15.2,17.7,15.4,14.3,13.2,13.4,1.2,1.6,48.5,
108,2025-05-17,18.3,14.7,2351,24.3,1305,6.08,1.1,1811,2.2,1725,2.2,11.7,160,1840,6,250,1538,2.6,2272,15.8,62,1250,86.4,18,995,1007.9,2400,1002.9,1402,1005,14.3,6,1200,3.2,17.36,,,,,,6.4,5,20.5,12.5,19.6,18.6,17.2,16.4,18.2,15.9,14.7,13.3,13.4,2.8,4.1,2.2,
108,2025-05-18,15.6,11.4,541,21,1459,,,,,,,9.7,200,1429,5.2,270,1539,2.6,2282,6.7,31,1349,59.3,10,1000.2,1011.9,825,1007.6,30,1010.3,14.3,10.5,1200,3.69,27.51,,,,,,3,1.1,20.4,7.5,18.8,17.7,16.5,15.8,18.3,16.1,14.9,13.5,13.4,5.1,7.2,,
108,2025-05-19,16.1,10.5,357,20.9,1538,5.08,.3,1950,.8,1945,1.6,9.8,180,1859,5.7,180,1806,2.8,2416,10.3,46,1240,70.4,13.1,995.2,1010.6,8,1001.6,1841,1005.3,14.3,.9,1500,1.87,11.93,,,,,,7.9,7.4,16.8,6.1,17.2,16.3,16,15.8,18.2,16.3,15,13.5,13.4,2.3,3.3,2.6,
108,2025-05-20,22.2,17.4,1,27.3,1513,10.17,.2,,.7,-2355,1,9.3,180,1606,5.2,200,1552,2.5,2197,19.5,69,1537,85.5,22.8,996.8,1008.2,2240,1004.7,4,1006.6,14.3,3,1400,2.91,12.96,,,,,,7.5,7.4,23.3,17.4,19.8,18.5,16.3,15.5,18,16.4,15.2,13.5,13.4,2.7,3.9,0,
108,2025-05-21,25.5,22.3,2345,30.8,1417,,,,,,,8.4,320,1839,4.7,290,1848,2.1,1803,20.6,54,1421,75.5,24.2,996.1,1008.6,106,1002.9,1649,1005.8,14.4,7,1300,3.14,22.19,,,,,,6.5,4.6,26.6,18.8,23.3,21.9,18.8,17.2,18.8,16.4,15.3,13.6,13.4,4,5.8,.8,
108,2025-05-22,23.9,20,734,28.5,1536,2.75,.5,529,.7,456,.8,6.6,70,2217,3.8,200,1759,2.1,1825,17.1,39,1622,68,19.6,996.3,1008.5,2351,1004.5,452,1006.1,14.4,6.1,1300,3.34,22.94,,,,,,5.6,4.8,26.6,18.1,23.2,22.5,20.6,19.2,19.8,16.7,15.4,13.6,13.4,5,7.2,,
108,2025-05-23,19.4,15.4,2343,22.2,1,4.67,.4,2126,.8,2115,1.2,9.2,140,113,4.4,70,1218,2.8,2442,9.3,36,1310,53.8,11.9,1000.3,1011.8,2247,1008.4,43,1010.3,14.4,0,1100,1.24,9.19,,,,,,9.4,5.4,20,14.3,20.7,20.6,20.7,20,20.5,17.1,15.6,13.6,13.4,2.7,3.8,5.5,
108,2025-05-24,15.6,13,537,19.3,1708,5.83,.6,145,2.4,105,4.3,8.2,50,1253,4.6,50,556,3.1,2677,9.7,53,1807,69.1,12.1,999.5,1011.8,38,1007.7,1458,1009.6,14.4,.3,1300,1.6,10.54,,,,,,8.1,5.6,17.3,9.3,18.3,18,18.7,18.7,19.9,17.4,15.7,13.7,13.4,2.4,3.5,,
108,2025-05-25,17.4,11.7,504,22.6,1607,,,,,,,8.7,290,1408,5,230,1314,2.1,1846,9.4,44,1626,61,11.8,1003.5,1016.2,2355,1011.3,5,1013.6,14.5,13.1,1200,3.76,30.47,,,,,,0,0,22.6,7.6,18.7,18,16.9,16.5,19.2,17.6,16,13.7,13.4,5.4,7.8,,
108,2025-05-26,19.7,13,544,26.2,1505,,,,,,,6.7,290,1715,4,270,1635,1.7,1502,10.9,36,1333,59.4,13.1,1006,1017.4,637,1014.2,1745,1016,14.5,12.3,1100,3.27,26.71,,,,,,4.9,.8,24.6,9.2,19.8,19,17.3,16.5,19.3,17.5,16.2,13.8,13.4,4.9,7.1,,
108,2025-05-27,20.8,14.7,539,27,1427,,,,,,,7.1,320,1815,4.5,290,1817,1.9,1673,11.4,36,1436,57,13.5,1006.7,1018.4,706,1014.7,1705,1016.7,14.5,12.3,1200,3.34,27.07,,,,,,1,1,25.7,9.6,21,19.8,17.8,16.9,19.6,17.6,16.2,13.8,13.4,5,7.2,,
108,2025-05-28,20.8,16.3,529,26.9,1528,.68,0,,0,,0,7.6,270,1646,4.7,270,1632,1.8,1595,12.8,38,1342,62,14.8,1006.7,1018.1,759,1014.5,1543,1016.7,14.5,8.4,1200,3.12,22.39,,,,,,3.4,1.6,24.9,11.1,21.5,20.2,18.3,17.3,19.9,17.6,16.3,13.9,13.4,4.8,6.9,0,
108,2025-05-29,21.2,15.3,540,27.3,1557,,,,,,,7.8,250,1738,4.5,250,1802,2.2,1939,12.2,34,1539,58.4,14.3,1004,1017,1,1011.2,1718,1013.9,14.5,11.7,1100,3.34,26.56,,,,,,2,.6,25,9.9,21.9,20.5,18.4,17.4,20.1,17.8,16.4,14,13.4,5.2,7.5,,
108,2025-05-30,22.2,16.7,605,28.3,1535,,,,,,,6.5,270,1840,4.2,250,1848,1.7,1470,12.1,29,1713,55,14.2,1001.6,1013.2,651,1009.1,1739,1011.4,14.6,12.1,1200,3.3,25.72,,,,,,.5,.5,27.2,10.5,22.5,21,18.8,17.7,20.4,18,16.5,14,13.4,5.5,7.9,,
108,2025-05-31,21.5,16.4,528,27,1517,,,,,,,5.7,230,1819,3.6,270,1635,2,1718,11.7,36,1521,55,13.9,1000.3,1012.3,704,1008.1,1608,1010.2,14.6,7.3,1200,2.6,21.39,,,,,,6.1,0,26.4,10.4,22.3,20.8,19,18,20.6,18.2,16.6,14.1,13.4,4.2,6,,
108,2025-06-01,22.6,17,550,29.3,1508,,,,,,,8,250,1525,4.7,270,1558,2,1756,13.3,39,1447,57.8,15.3,998.6,1010.9,618,1006.4,1815,1008.4,14.6,10.9,1200,3.52,27.08,,,,,,3.5,0,29.8,11.1,23.1,21.5,19,17.8,20.7,18.3,16.8,14.1,13.4,5.2,7.4,0,
108,2025-06-02,21,19.2,513,23.1,1529,5.67,0,,0,,0,5.3,50,1240,3.5,50,1247,1.5,1269,13.9,55,1524,64.3,15.9,993.2,1007.1,7,1000.3,2327,1003,14.6,0,1200,.89,6.3,,,,,,9.8,7.9,21.8,14.7,21.6,20.2,19,18.2,21.1,18.5,16.9,14.2,13.4,2.2,3.1,0,
108,2025-06-03,20.9,17,2358,25.3,1216,,,,,,,11.4,230,1511,5.9,230,1520,2.9,2463,11.6,37,1855,56.9,13.8,989.2,1001.3,2229,997.3,1545,999,14.6,11.9,1100,3.47,27.24,,,,,,1.6,1.6,28,10.3,22.6,20.8,18.6,17.6,20.8,18.7,17,14.3,13.4,5.6,8,,
108,2025-06-04,20.5,15.2,512,25.3,1246,,,,,,,13.1,250,1339,7.8,270,1340,3.5,3006,10.6,34,1253,55.3,12.8,993.4,1008.1,2254,1001,1,1003.2,14.6,12.1,1200,3.74,29.45,,,,,,.4,.4,29.2,8.8,22.4,21,19.3,18.4,21,18.8,17.2,14.3,13.4,6.5,9.2,,
108,2025-06-05,21.7,15.6,605,27.1,1432,,,,,,,8.4,250,1514,5.3,270,1444,2.3,2007,10,29,1757,49.8,12.3,999.5,1011,1114,1007.6,1811,1009.4,14.7,12.5,1200,3.63,28.99,,,,,,3.1,0,28.6,8,23.2,21.4,19,17.9,21.1,18.9,17.4,14.4,13.5,6.3,9,,
108,2025-06-06,24.1,17.7,531,30,1347,,,,,,,15.8,230,1611,7.8,230,1611,3,2620,10.1,27,1432,42.6,12.4,997.6,1009,125,1005.7,1410,1007.4,14.7,12,1200,3.61,29.48,,,,,,3.5,0,32.3,11.4,24.5,22.2,19.5,18.2,21.4,19.1,17.5,14.5,13.5,7.6,10.9,,
108,2025-06-07,23.7,19.8,507,28.2,1600,1.43,.1,,.6,2320,.1,9.7,230,1407,6.3,230,1435,2.6,2283,15.5,42,121,61.4,18,997.5,1008.5,822,1005.9,1452,1007.3,14.7,4.6,1400,2.62,17.51,,,,,,6.8,4.1,30,12.6,24.2,22.9,21.6,20.6,21.8,19.2,17.6,14.5,13.5,3.6,5.1,.7,
108,2025-06-08,25.1,21.4,520,30.4,1355,2.42,.6,10,.6,1,.6,6.8,320,1546,4,250,1618,1.7,1499,18.7,41,1339,69.3,21.5,997,1008,12,1005,1523,1006.7,14.7,7.4,1100,3.45,21.59,,,,,,6.8,5.8,29.5,17.6,25.2,24.2,22.2,21,22,19.4,17.7,14.6,13.5,4.6,6.6,0,
108,2025-06-09,24.2,20.6,534,30.2,1513,.42,0,,0,,0,7.6,200,451,4.4,200,453,2.6,2232,17.2,33,1651,66.6,19.7,996.4,1007.9,722,1003.9,2020,1006.1,14.7,9.6,1200,3.59,25.91,,,,,,6.3,3,32.5,16.4,26.3,25,22.8,21.4,22.5,19.6,17.9,14.7,13.5,5.5,7.9,0,
108,2025-06-10,21.7,18.8,2357,25.3,1659,.08,0,,0,,0,8.7,290,224,5.2,270,1829,2.5,2170,16.2,58,1700,71.6,18.5,996.2,1009,2338,1003.6,704,1006.1,14.7,4.1,1600,1.88,14.46,,,,,,7.5,3.4,26.4,11.7,24.5,23.6,22.8,21.9,22.9,19.9,18,14.8,13.5,3.2,4.6,,
108,2025-06-11,22.7,15.9,526,28.5,1418,,,,,,,10,200,1211,4.8,250,1219,2.4,2096,12.4,36,1559,54.6,14.4,1000.8,1012.8,2306,1008.8,1,1010.7,14.7,13.5,1200,3.66,31.05,,,,,,2.3,0,32.9,9.1,24.8,23.4,21.7,20.8,22.6,20.1,18.2,14.8,13.5,6.9,9.8,,
108,2025-06-12,25.5,17.9,537,33.1,1616,,,,,,,7.7,290,1719,4.8,270,1741,1.9,1667,13.6,26,1544,50.4,15.7,1003.5,1014.9,800,1011,1634,1013.2,14.7,12.4,1200,3.71,30.36,,,,,,4.4,0,35.6,11.7,26.2,25,22.8,21.6,22.8,20.2,18.4,14.9,13.6,6.7,9.6,,
108,2025-06-13,24,20.1,2224,29.4,1234,5.08,.9,2116,1.5,2038,1.5,6.6,290,1258,3.7,270,1305,1.9,1638,15.6,40,1039,60.9,17.8,1001.4,1014.3,328,1007.2,2359,1011.2,14.7,3.8,1000,2.39,15.62,,,,,,8.8,3.3,28.2,14.8,25.2,24.5,23.1,22,22.3,20.4,18.5,15,13.6,3.5,5,1.5,
108,2025-06-14,25.6,20.3,1,32.1,1647,,,,,,,7,230,1839,4.1,230,1844,2,1727,18.5,47,1649,66.3,21.4,991.3,1007.4,15,997,1702,1000.9,14.8,5.9,1200,3.28,21.02,,,,,,4.8,2.4,28.5,17.7,24.7,24.7,23.1,22.1,23.2,20.6,18.7,15,13.6,4.8,6.9,,
108,2025-06-15,26.3,21.7,607,33.2,1410,5.08,3.1,2222,7.9,2147,11.8,10.5,200,2050,5.7,200,2056,2.5,2144,19.8,43,1411,69.6,23.2,988,1000.6,718,995,1720,997.6,14.8,7.8,1300,3.19,22.08,,,,,,7.9,5.1,34.6,16.7,25.6,25.1,22.2,20.8,23.5,20.7,18.8,15.1,13.6,4.3,6.2,18.7,
108,2025-06-16,23,21.8,2351,25.1,1245,10.5,9.5,1329,13.1,1310,20,12.1,180,1506,5.7,200,1514,2.7,2350,20.8,79,1756,87.8,24.6,987.6,1001.1,2358,995.1,345,997.3,14.8,.1,1400,.9,5.19,,,,,,9.3,8.5,22.4,20.3,21.3,23.2,22.2,21.4,23.8,20.9,18.9,15.2,13.6,1.6,2.2,13.1,
108,2025-06-17,24.8,21.1,510,29.6,1526,,,,,,,6.9,180,920,3.8,180,3,2.5,2130,19.4,51,1547,73.3,22.5,994,1006.8,2325,1000.4,37,1003.7,14.8,8.6,1100,3.06,22.97,,,,,,3.8,3.3,25.2,18.2,24.3,23.4,21.1,20,23.5,21.1,19.1,15.3,13.7,4.6,6.5,,
108,2025-06-18,25.5,21.2,536,30.9,1508,,,,,,,7.4,290,1550,4.1,270,1551,2,1705,18,45,1446,65.3,20.7,1000.1,1012.2,2358,1006.7,1,1009.8,14.8,10.3,1200,3.49,26.88,,,,,,3,.6,28.7,17.9,25.1,24.5,22.1,20.8,23.9,21.2,19.2,15.3,13.7,5.6,8,,
108,2025-06-19,28.1,21.1,549,34.2,1426,.92,.6,2126,.8,2111,.8,9.2,180,1453,5,180,1502,2,1712,18.5,33,1452,57.9,21.5,1000.9,1012.9,638,1008.2,2342,1010.6,14.8,8.8,1200,3.41,23.77,,,,,,5.8,3.4,31.7,16.2,25.8,24.9,22.2,20.7,24.3,21.3,19.4,15.4,13.7,5,7.1,23.7,
108,2025-06-20,24.1,22.2,2318,28.3,1,23.67,2.6,1411,8,501,51.1,17.5,180,1618,8.3,180,1626,3.9,3403,22.9,68,1,93.4,27.9,993.6,1008.5,112,999.5,1758,1003.3,14.8,0,1200,.53,2.92,,,,,,10,8.4,23.8,21.6,23.2,23.3,21.4,20.2,24.7,21.5,19.5,15.5,13.7,.9,1.2,28.4,
108,2025-06-21,22,20.5,2354,24.2,1643,8.17,.2,,.5,-2331,.2,9.7,230,28,5.1,230,28,2.1,1850,19.8,71,1722,88.1,23.2,993.4,1004.8,2223,1001,354,1003.2,14.8,0,1500,.98,7,,,,,,9.8,6.1,22.8,18.3,22.3,22,20.1,19.3,24.5,21.8,19.7,15.6,13.7,1.8,2.6,0,
108,2025-06-22,23.3,18.1,536,28.6,1515,,,,,,,7.9,250,1544,4.5,250,1633,2.3,2008,16.8,48,1553,68.6,19.2,995.9,1007.2,2305,1004.3,214,1005.7,14.8,13.4,1200,3.6,30.56,,,,,,.3,0,26.2,14.3,23.8,23.6,21.9,21,24,21.9,19.8,15.7,13.8,5.7,8.2,,
108,2025-06-23,26.1,19.4,534,31.7,1620,,,,,,,6.3,290,1745,4.1,320,1639,1.8,1561,18.5,45,1436,64.8,21.3,996.7,1007.9,654,1004.2,1706,1006.4,14.8,12.8,1200,3.44,27.7,,,,,,1.3,.8,28.5,16.2,24.8,24.6,22.9,22.3,24.1,21.9,20,15.7,13.8,5.5,7.9,,
108,2025-06-24,25,20.5,2332,28,1244,4.08,.9,2132,2.1,2116,2.3,9.2,70,1616,4.8,50,2354,2.6,2263,17.3,43,1305,63.4,19.7,997.3,1008.4,829,1004.9,1625,1007,14.8,.2,1200,1.75,10.18,,,,,,8.9,3.3,23.8,19.4,24.3,24.2,23.5,22.7,24.5,22,20.1,15.8,13.8,2.9,4.2,4.7,
108,2025-06-25,20.9,19.5,327,22.1,1407,18.08,1,1831,2.8,1818,8,8.2,50,2,4.7,50,2,2.5,2202,18.9,72,225,88.9,21.9,995.9,1007.1,2319,1004.8,1739,1005.8,14.8,0,1200,.96,5.11,,,,,,10,7.4,21.5,18.7,21.5,22.3,22.3,22.1,24.2,22.1,20.2,15.9,13.8,1.2,1.6,6.7,
108,2025-06-26,22.2,19.9,449,24.2,1734,3.5,.3,356,1,319,1.1,6,270,441,3.6,250,443,1.7,1468,19.5,76,1735,85.3,22.7,998.3,1008.6,759,1007,1,1008.1,14.8,.1,1000,1.15,7.23,,,,,,8.4,7.1,22.7,18.9,21.2,21.7,20.1,19.5,23.8,22.2,20.4,16,13.9,1.4,2,0,
108,2025-06-27,25,21.1,440,29.3,1620,1.97,0,,0,,0,6.2,70,1338,3.2,50,1406,1.4,1243,20.7,62,1632,78.1,24.4,998,1009.2,951,1005.9,1758,1007.7,14.8,3.1,1400,2.54,12.92,,,,,,8.6,5.3,25.2,19,21.9,22.7,21.2,20.5,23.5,22.1,20.4,16,13.9,2.5,3.5,.6,
108,2025-06-28,26.2,24.5,555,28.1,1514,5.83,.2,,.5,616,.6,5,290,1728,3.1,290,1749,1.4,1216,23.4,77,3,85,28.8,996.7,1007.7,1,1005.2,1651,1006.4,14.8,0,1500,1.09,7.13,,,,,,9.3,7.1,24.4,22.5,20.6,23.2,20.8,19.6,23.8,22.1,20.6,16.1,13.9,1.7,2.4,0,
108,2025-06-29,27.1,24.9,654,30.2,1659,1,0,,0,,0,7.5,250,1901,4.1,200,1753,2.3,2020,22.6,61,1833,77.1,27.5,997.6,1009,2355,1005.5,16,1007.2,14.7,2.5,1400,1.91,12.41,,,,,,6.1,5.1,25.3,21.4,21.5,24.1,21.4,20,24.2,22.2,20.6,16.2,13.9,2.8,4,0,
108,2025-06-30,28.2,25.6,516,31.2,1354,,,,,,,8.1,250,1613,4.6,250,1622,2.4,2103,23.1,62,1443,74.6,28.2,1000,1010.6,2226,1008.8,1736,1009.6,14.7,2.8,1300,2.54,15.61,,,,,,7.8,6.4,26.4,21.5,23,24.8,21.9,20.5,24.5,22.2,20.7,16.3,14,3.5,5,.9,
108,2025-07-01,28.6,26.2,729,31.8,1336,3.67,.9,700,.9,610,.9,8.7,250,1521,5.2,250,1526,3,2631,24.4,67,1330,78.6,30.6,1001.6,1012.3,1003,1010.1,1743,1011.3,14.7,3.8,1300,2.83,17.38,,,,,,7,6.6,27.8,25.2,25.8,25.8,22.7,21.1,24.9,22.3,20.7,16.3,14,3.8,5.5,0,
108,2025-07-02,28.6,26.8,520,30.9,1247,.33,0,,0,,0,9.1,180,1240,5.2,200,1259,2.9,2544,23.9,60,1649,76.3,29.6,1001.8,1012.9,822,1009.8,1831,1011.5,14.7,2.3,1200,2,14.4,,,,,,8,5.9,28.3,25.2,26.6,25.9,23.2,21.6,25.5,22.5,20.8,16.4,14,3.2,4.6,0,
108,2025-07-03,28.3,26.5,2357,32,1523,.08,0,,0,,0,8.8,250,1658,4.6,230,1705,2.8,2456,23.3,56,1656,75.5,28.7,999.3,1011.1,6,1007.2,1746,1008.9,14.7,2.7,1400,2.6,13.6,,,,,,7.5,5.1,29.3,23.9,25.8,25.9,23.4,21.8,25.7,22.7,20.8,16.5,14,3.4,4.9,0,
108,2025-07-04,27.2,25.7,453,30,1436,1.75,0,,0,,0,10,200,1429,5.6,200,1431,3.2,2800,22.7,66,1440,77,27.6,996.6,1007.9,5,1004.2,1748,1006.2,14.7,.8,1400,2.14,7.72,,,,,,8.8,8.4,27.8,23.4,25.9,25.3,23.2,22,25.8,22.9,20.9,16.6,14.1,2.3,3.3,0,
108,2025-07-05,28.4,26,459,32.3,1501,,,,,,,8.1,160,427,4.5,200,426,2.8,2379,22.9,58,1510,72.9,28,995.1,1006.2,730,1002.6,1800,1004.7,14.7,3,1400,2.69,14.77,,,,,,8.1,6.4,29.8,24.4,25.1,25.8,23.7,22.6,25.7,23,21.1,16.6,14.1,3.4,4.9,,
108,2025-07-06,29.1,26.3,727,32.8,1408,,,,,,,7.3,180,34,4.2,180,1417,2.5,2139,23.9,59,1346,74.3,29.6,994.3,1005.3,810,1002.3,1520,1003.9,14.7,1.7,1200,2.67,14.7,,,,,,8.8,6,29,23.8,25.3,26.5,24.6,23.4,25.8,23.1,21.2,16.7,14.1,3.4,4.8,,
108,2025-07-07,29.1,26.7,545,33.2,1623,,,,,,,6,250,1911,3.6,180,518,1.9,1660,25,65,1432,79,31.6,995.5,1006.5,2351,1004.1,1705,1005,14.6,2.5,1300,2.07,11.21,,,,,,5.8,5.8,29,25.1,25.3,26,23,21.5,26.1,23.3,21.3,16.8,14.2,3,4.3,,
108,2025-07-08,31.3,26.9,612,37.8,1509,3,5.3,1826,6.4,1815,11.8,11,180,1837,6.8,200,1841,1.9,1628,25.2,48,1455,72.5,32.1,997,1008.1,2259,1004.2,1759,1006.5,14.6,8.4,1100,3.24,22.64,,,,,,4.3,3.5,33.8,23.9,26.8,26.9,24.1,22.5,26.2,23.4,21.4,16.8,14.2,5,7.2,11.8,
108,2025-07-09,31.9,27.4,530,36,1629,,,,,,,7.3,50,2207,3.7,50,2154,2.2,1884,23.1,45,1437,61.1,28.3,998.6,1009.6,813,1006.3,1707,1008.1,14.6,8,1300,3.22,23.55,,,,,,3.4,2.6,31.1,24.5,27.3,27.2,24.3,22.7,26.7,23.6,21.5,16.9,14.2,5.8,8.3,,
108,2025-07-10,31.4,27.3,554,36.2,1553,,,,,,,9.5,50,2001,4.9,50,2334,2.9,2541,18.1,33,1707,46.6,21,1000.2,1011.3,2348,1007.9,1811,1009.8,14.6,13.3,1200,3.55,29.95,,,,,,.4,.4,32.9,23,27.9,27.8,25.5,24,27.1,23.8,21.7,17,14.2,8.7,12.5,,
108,2025-07-11,30.2,24.6,559,36.1,1658,,,,,,,9.3,50,2054,4.9,50,702,3.3,2851,17.4,35,1531,47.1,19.9,1001.4,1012.4,709,1009,1734,1010.9,14.6,13.5,1200,3.59,30.35,,,,,,.1,0,35.1,20,28.4,28.2,27,26,27.2,24,21.8,17.1,14.3,7.8,11.2,,
108,2025-07-12,30.3,24.4,554,36.5,1617,,,,,,,7.3,50,8,4,50,212,2.3,2025,17.3,28,1349,47.5,19.9,998.2,1011.7,24,1004.9,1733,1007.8,14.6,13.2,1200,3.65,30.02,,,,,,2.6,0,36.9,18.4,28.3,28.3,26.6,25.4,27.2,24.2,22,17.1,14.3,7.2,10.4,,
108,2025-07-13,27.7,25.6,2346,31,1241,2.5,0,,0,,0,5.4,320,1332,3.2,270,1324,1.5,1338,20.8,55,1141,66.8,24.7,991.5,1005.5,1,997.9,2349,1001.1,14.6,1.7,1000,1.64,10.39,,,,,,9,4.8,28.5,20.9,27.5,27.1,26.4,25.4,27.3,24.4,22.1,17.2,14.3,2.5,3.5,0,
108,2025-07-14,24.2,21.7,2343,28.1,1129,12.25,.9,1522,4,2104,13.6,6.6,290,2254,4,50,1213,2,1698,20,60,1113,78.3,23.4,984.6,997.9,1,993.3,1140,994.2,14.5,.5,1000,1.37,7.19,,,,,,8.4,6,24.6,19.8,25.2,25.2,25,24.6,26.9,24.5,22.3,17.3,14.4,1.6,2.3,16.6,
108,2025-07-15,23.6,21.5,200,25.9,1516,11.17,.6,39,1.3,11,4,8.4,290,553,5,320,558,2.3,2009,20.6,71,1925,84.1,24.3,985.4,998.8,2340,992.6,320,995,14.5,.6,1400,2.04,10.03,,,,,,9.3,6.8,24.7,20.1,22.7,23.9,23.6,23.4,26.2,24.5,22.4,17.3,14.4,2,2.9,2,
108,2025-07-16,23.3,22.2,2111,24.8,820,16.33,8,2032,27,2025,73.1,9.2,160,1033,4.9,160,1038,2.1,1809,21.5,74,1037,90.1,25.7,990.6,1002.2,1101,998.6,38,1000.4,14.5,0,800,.39,2.34,,,,,,9.6,7.6,22.7,21.3,23,23.3,23.4,23.2,25.9,24.4,22.5,17.4,14.4,.7,.9,124.8,
108,2025-07-17,23.3,22,1000,24.4,1525,18.58,19,629,32.5,626,75.5,9.3,110,1138,4.6,70,914,2.1,1841,22.2,85,1235,94.3,26.8,993.1,1004.9,901,1000.3,44,1002.9,14.5,0,1100,1.45,4.77,,,,,,10,7.5,22.6,21.2,21.6,21.1,19.4,18.9,24.9,24.7,23.2,17.5,14.5,1.1,1.5,34.3,
108,2025-07-18,24.7,22.9,903,27.2,1820,11,4.7,833,9.5,812,16.1,5.3,50,1351,3.1,50,1333,1.7,1509,22.8,80,1818,89.5,27.7,995.8,1007.2,1029,1004.2,1,1005.5,14.5,.3,1500,1.23,7.44,,,,,,9.5,5.9,23.6,22.2,21.8,22.3,20.2,19.4,24.4,24.5,24,19.9,14.5,1.5,2.1,71.3,
108,2025-07-19,23.9,21.9,405,25.8,1719,23.17,10.4,316,32.1,247,84,7.8,180,204,3.9,160,210,2,1698,23,87,3,95.4,28.2,998.2,1009.5,2136,1005.9,219,1007.9,14.4,0,1500,.46,3.79,,,,,,10,7.5,22.9,20.6,21.4,21.4,18.9,18.3,24.7,24.2,24.5,21,15.6,.9,1.3,32.1,
108,2025-07-20,27.7,25,543,31.3,1643,6.92,3.3,44,7.2,9,14.8,11,200,230,5.2,200,312,2.8,2429,24.3,63,1703,82.8,30.3,1001.2,1012.6,2317,1008,143,1010.9,14.4,5.7,1000,2.28,16.69,,,,,,7.1,5.6,27.2,23.5,23.7,24.9,22.7,22.1,24.6,24,24.3,21.7,16,3.3,4.7,0,
108,2025-07-21,28.5,25.6,414,31.6,1455,1,0,,0,,0,8.9,160,1118,5,200,1115,2.3,2006,23.9,64,1500,77.4,29.7,1002.9,1013.9,918,1011.4,221,1012.6,14.4,5.8,1100,3.23,18.81,,,,,,5.6,5.4,26.5,20.1,22.3,25.6,22.6,21.5,25.4,24,24.1,21.3,16.3,4.1,5.9,0,
108,2025-07-22,28.8,26.6,527,32.2,1431,.58,.1,,.1,,.1,9.2,230,1502,5.2,250,1507,2.7,2323,23.9,57,1507,75.6,29.6,1003.5,1014.1,744,1012.3,1428,1013.1,14.4,6.6,1300,3.46,20.43,,,,,,6.4,4.3,29.5,23.7,24.3,26.3,23.2,22.1,26.1,24,23.9,20.5,16.4,4.4,6.3,.1,
108,2025-07-23,28.9,25.5,540,33.3,1418,,,,,,,6.2,290,1638,4.2,290,1644,1.8,1586,22.7,53,1456,70.4,27.6,1002.4,1014,635,1009.9,1737,1012,14.3,7.9,1100,3.54,22.14,,,,,,6.4,3.5,29.9,22.9,27.5,26.4,23,21.7,26.5,24.2,23.8,20,16.4,4.7,6.8,,
108,2025-07-24,29.8,25.8,533,34.1,1350,,,,,,,6,340,1923,3.6,290,1445,1.9,1624,23,48,1417,68,28.2,1000.1,1011.4,518,1007.7,1713,1009.7,14.3,9.2,1200,3.82,24.91,,,,,,5.1,.9,30.7,22.9,28.2,27.4,25,24,26.9,24.3,23.7,19.8,16.3,5.5,7.9,,
108,2025-07-25,31.1,25.6,546,36.3,1531,,,,,,,6.5,290,1922,3.9,290,1924,1.9,1646,23.3,49,1516,64.6,28.6,998,1009,101,1005.4,1646,1007.5,14.3,12.4,1200,3.23,26.48,,,,,,1,.5,33.8,21.7,29.2,28.6,27,26.3,27.3,24.5,23.7,19.6,16.3,6,8.5,,
108,2025-07-26,32.3,27.6,551,37.1,1701,,,,,,,5.4,110,903,3.3,110,906,1.7,1472,23.8,42,1709,61.9,29.5,996.6,1007.6,1,1003.8,1759,1006.1,14.3,11,1100,3.27,24.32,,,,,,2.9,.5,34.2,24.3,29.8,29.2,27.4,26.6,27.6,24.7,23.8,19.5,16.3,5.4,7.7,,
108,2025-07-27,32.8,28.3,550,38,1535,,,,,,,6.6,160,1333,3.4,140,815,2,1685,24.2,39,1541,62.4,30.3,994.6,1006,739,1001.7,1753,1004.1,14.2,12.5,1200,3.51,28.42,,,,,,.6,.6,38.2,24.4,30.8,30.1,28.3,27.4,28,24.9,23.8,19.4,16.3,6.3,8.9,,
108,2025-07-28,32.2,28.8,555,36.4,1529,,,,,,,6.7,340,1418,3.8,320,1452,2,1734,25.1,47,1549,67.3,31.9,992.4,1003.8,555,999.6,1733,1001.9,14.2,11.9,1300,3.55,27,,,,,,1.6,1.6,38.8,25.2,31.4,30.7,28.9,28,28.4,25.1,23.9,19.4,16.3,6.2,8.8,,
108,2025-07-29,32,27.6,548,36.7,1428,,,,,,,6.2,270,1740,3.7,270,1742,2,1702,24.1,49,1343,64,29.9,990,1001,709,997.2,1755,999.5,14.2,8.9,1200,2.94,20.41,,,,,,2.9,2.3,36.4,24,30.9,30.3,28.9,28.2,28.7,25.4,24,19.4,16.3,4.7,6.8,,
108,2025-07-30,32.1,28.3,512,36.3,1447,,,,,,,6.7,160,1451,3.8,50,1252,1.7,1468,23.9,38,1705,62.9,29.6,990.1,1000.8,805,998.2,1705,999.6,14.2,5.6,1300,2.54,19.51,,,,,,7.3,2.4,36.9,24.3,30.8,30.1,28.8,28.1,28.7,25.6,24.1,19.4,16.3,4.4,6.3,,
108,2025-07-31,30.9,29.3,610,34.6,1432,,,,,,,6.7,320,1813,4.1,320,1818,2,1700,22.7,48,1435,62.3,27.6,992.3,1002.9,752,1000.2,1,1001.8,14.1,1.1,1300,1.95,13.17,,,,,,8.9,4.1,32.4,25.3,29.9,29.6,28.6,28.1,28.7,25.7,24.3,19.4,16.4,3.6,5.2,,
108,2025-08-01,31,27.8,538,35.1,1213,.25,0,,0,,0,7.7,270,1709,4.5,290,1710,1.9,1625,23.9,49,1358,66.9,29.6,992.2,1002.6,727,1000.2,1537,1001.7,14.1,4.5,1100,2.8,16.09,,,,,,8.4,1.8,33.6,24.7,29.8,29.4,28.3,27.8,28.6,25.9,24.4,19.4,16.4,3.8,5.4,0,
108,2025-08-02,31.2,27.3,605,36.2,1600,,,,,,,6.5,200,1605,3.5,270,1610,1.8,1553,22.7,45,1519,62.1,27.7,991.9,1002.5,1,999.8,1634,1001.4,14.1,8.7,1400,2.73,20.88,,,,,,5.4,1.4,36.6,23.9,30.4,29.6,28.3,27.8,28.6,26,24.6,19.4,16.4,4.8,6.9,,
108,2025-08-03,28.8,24,2359,32.5,1348,7.25,.6,2353,1.4,2328,1.3,7.8,200,1612,4.5,200,1749,2,1735,22.2,52,1748,69,26.9,990.6,1001.8,24,998.6,1912,1000.1,14,.2,1000,1.56,8.08,,,,,,9,6.4,30,22.7,28.8,28.6,28.1,27.8,28.6,26.1,24.7,19.5,16.5,2.4,3.5,3.2,
108,2025-08-04,28.1,23.7,522,33.9,1647,5.92,.4,18,.9,427,1.9,7.4,70,12,4.5,70,18,2.2,1919,23.1,53,1638,75.5,28.3,989.9,1002.9,2326,997.3,144,999.5,14,3.9,1200,2.07,16.35,,,,,,7.1,5.1,29.6,22.7,27.4,27.8,27.3,27.2,28.2,26.1,24.7,19.5,16.5,3.8,5.4,,
108,2025-08-05,29.1,25.4,558,33.5,1505,,,,,,,7.3,200,1351,4.4,200,1453,2.2,1905,22.1,47,1451,67.4,26.7,993.8,1004.4,1004,1002.2,1755,1003.3,14,8.5,1200,2.96,23.11,,,,,,4.4,1.6,34.4,21.8,28.7,28.6,27.5,27.2,28.2,26.1,24.8,19.6,16.5,4.8,6.8,6.1,
108,2025-08-06,27.1,25.8,2028,29.3,1058,10.5,4.3,1405,9.6,1323,22,11.1,180,504,6,230,1037,3.2,2735,25.1,74,1,89,31.8,991,1003.4,1,999.1,1827,1000.6,13.9,1.1,1000,1.27,5.57,,,,,,9,7.3,26.4,24,26.8,27.5,27.4,27.3,28.3,26.1,24.9,19.7,16.6,1.7,2.4,15.9,
108,2025-08-07,28.2,25.4,602,32.3,1541,,,,,,,7.9,200,1909,4.3,250,1944,2.7,2349,22,49,1640,70.8,26.5,991.8,1003.1,2136,1000,1615,1001.3,13.9,10.2,1200,3.5,27.18,,,,,,4,3.1,30.1,22.9,27.8,27.8,26.8,26.6,27.9,26.1,25,19.7,16.7,5.5,7.8,,
108,2025-08-08,26.6,23.9,615,30.2,1404,1.75,5,1513,6.3,1446,6.3,8.9,290,1517,4,290,1523,1.6,1424,21.6,62,1353,74.8,25.9,993.8,1004.7,2117,1002.5,45,1003.4,13.9,1.7,1200,1.41,8.76,,,,,,6.3,3.4,26,20.8,26.6,27,26.9,26.9,28.1,26.1,25,19.8,16.6,1.9,2.8,7,
108,2025-08-09,24.9,23.1,2356,26.4,1738,5.92,1.2,1128,2.8,1115,3.5,4.3,360,1524,2.9,360,1716,1.4,1220,21.6,71,1843,82.1,25.8,993.4,1004.5,1,1001.6,1626,1003.1,13.8,.3,1700,.69,5.37,,,,,,7.4,6.3,25,20,25.2,25.8,26,26.2,27.7,26.1,25.1,19.8,16.7,1.6,2.3,2.8,
108,2025-08-10,27.3,21,538,33.2,1559,,,,,,,6.3,340,1302,3.5,250,1525,1.7,1453,21,49,1622,70,24.9,991.4,1002.7,2,999.2,1605,1001,13.8,12.3,1200,3.37,27.22,,,,,,1.5,.6,28.5,18.2,26.2,26.2,25.5,25.6,27.1,26,25.1,19.9,16.7,5.3,7.6,,
108,2025-08-11,27,25,543,29.5,1415,.25,0,,0,,0,6.7,160,1935,4.1,110,1429,2,1687,21.8,64,1638,73.9,26.2,994.2,1006,2328,1002.4,144,1003.9,13.8,.3,1400,1.14,9.84,,,,,,7.3,3.3,26.3,21.7,26.3,26.6,26.2,26.2,27.3,25.9,25.1,19.9,16.7,2.6,3.7,0,
108,2025-08-12,28.6,23.3,559,34.1,1602,,,,,,,9.9,160,1937,4.7,160,1939,2.2,1901,20.1,36,1451,62.9,23.6,999.2,1011.3,2400,1005.9,3,1008.8,13.7,12,1200,3.34,26.6,,,,,,3.8,1,29.6,20.1,27.3,26.9,25.8,25.6,27.2,25.8,25.1,20,16.8,5.7,8.1,58.3,
108,2025-08-13,25.1,22,1053,27.1,1719,15.67,16.5,1153,32.7,538,126.7,11,180,1401,5.8,320,1136,2.6,2214,23.5,70,4,91.8,29.1,1001.5,1012.5,907,1009.3,1842,1011.3,13.7,0,1300,.6,1.92,,,,,,9.6,7.8,24.4,21.1,24.3,24.7,25,25.5,27.4,25.8,25,20.1,16.8,.7,.9,115.9,
108,2025-08-14,25.5,24.2,736,26.9,1649,12.48,12.3,723,24.6,705,47.8,10,180,220,4.4,200,159,2.2,1882,23.8,80,1738,91.1,29.5,1004.3,1015.5,2258,1011.7,16,1014.1,13.7,0,1200,1.12,6.29,,,,,,9.3,7.9,25,23.3,24.3,24.5,24.1,24.3,25.8,26.1,26.1,21.6,16.8,1.5,2.1,.3,
108,2025-08-15,27.1,24.4,505,30.9,1557,3.17,0,,0,,0,5.3,270,2202,3.4,270,2106,1.7,1462,24.1,68,1602,84.3,30,1004.6,1015.5,610,1012.6,1813,1014.3,13.6,4.9,1400,2.83,14.89,,,,,,4.6,4,28,22.3,25.5,25.1,23.4,22.9,26,25.8,26.1,23.1,17,2.7,3.9,0,
108,2025-08-16,28.2,25.5,429,32.2,1434,,,,,,,8.4,290,1550,4.8,250,1428,2.2,1887,23.3,56,1425,76,28.7,1002.8,1013.5,130,1011.2,1819,1012.5,13.6,6.9,1300,2.99,19.22,,,,,,5.4,4.6,27.9,22.4,26.7,26.2,24.2,23.5,26.6,25.8,25.9,22.4,17.2,4.1,5.8,,
108,2025-08-17,28.4,26.1,355,32,1358,,,,,,,7.5,230,1744,4,230,1747,2.3,1990,23.6,55,1407,76.3,29.2,1003.7,1014.8,1055,1011.7,53,1013.4,13.5,1.8,1100,2.8,16.43,,,,,,8.1,6,27.7,23.5,27.2,26.4,24.2,23.5,27,25.6,25.6,21.9,17.3,3.5,5,.2,
108,2025-08-18,28.9,27,548,32.9,1453,7.42,.4,2122,1.3,2122,2.2,9.6,200,1601,5.5,230,1425,3,2566,23.9,51,1422,75.6,29.7,1003.1,1014.4,824,1011.1,1517,1012.7,13.5,5.4,1300,3.24,19.92,,,,,,8.1,5,29,24.9,27.8,26.7,24.2,23.3,27.3,25.7,25.5,21.6,17.3,4.7,6.7,,
108,2025-08-19,29.1,26.9,525,32.3,1444,,,,,,,8.8,250,1446,5.1,270,1455,3,2613,24.1,59,1450,75.3,30,1000.6,1012.2,1,1008.5,1717,1010.2,13.5,6.2,1200,2.64,19.48,,,,,,6.1,5.5,29,24.9,27.8,27.3,25.5,24.9,27.6,25.8,25.4,21.4,17.3,4.4,6.3,0,
108,2025-08-20,29.4,26.9,602,32.8,1434,.75,0,,0,,0,8.9,180,135,4.6,230,1405,2.6,2232,24.2,55,1518,74.5,30.2,999,1009.9,1,1006.8,1536,1008.6,13.5,5.2,1400,2.57,18.14,,,,,,7.8,4.8,29.7,24.7,28.4,26.8,23.8,22.8,27.9,25.9,25.4,21.4,17.4,3.9,5.6,,
108,2025-08-21,29.8,27.4,519,34.3,1402,,,,,,,7.3,290,1626,4.1,270,1654,2.2,1873,23.7,50,1601,70.6,29.3,999.4,1010.4,635,1007.6,1833,1009,13.4,7.5,1200,3.42,21.66,,,,,,5.8,2.3,30.9,24.2,29.2,27.7,25,23.9,28.1,26,25.4,21.3,17.4,4.6,6.6,,
108,2025-08-22,29.4,26.1,539,33.5,1519,,,,,,,8,270,1451,4.6,250,1437,2.1,1839,23.4,49,1600,71.5,28.8,998.5,1009.2,104,1006.7,1543,1008.1,13.4,9.5,1100,2.96,22.41,,,,,,1.9,1.9,31.6,22.9,28.9,28.1,26.6,26,28.3,26.1,25.4,21.2,17.4,5,7.1,,
108,2025-08-23,29.3,27.4,456,32.2,1624,,,,,,,6.2,180,1054,4.3,180,1115,1.9,1635,24.2,66,1634,74.9,30.3,999.9,1010.9,2155,1008.4,225,1009.5,13.3,3.6,1100,1.89,11.71,,,,,,4.3,4,30,24.6,28.6,27.9,26.4,25.8,28.4,26.2,25.5,21.2,17.5,2.6,3.7,,
108,2025-08-24,30.2,26.9,451,34.7,1451,,,,,,,6.5,160,1343,3.8,200,1505,1.7,1433,23.7,48,1535,69.4,29.3,1000.9,1012.2,925,1008.9,1625,1010.5,13.3,6.3,1100,3.04,18.39,,,,,,3.3,3.1,31.8,23.7,29.1,28.4,27,26.5,28.3,26.3,25.5,21.2,17.5,4.2,6,0,
108,2025-08-25,28.7,26.3,940,32.2,1649,6.93,10.8,936,14.2,923,17.1,11.5,180,1909,6.1,200,1913,2.8,2378,25,64,1433,80.6,31.6,998.8,1011.1,938,1006.1,1823,1008.5,13.3,2,1300,2.38,10.8,,,,,,7.1,5.8,28.3,23.8,28,27.8,26.5,26.1,28.4,26.4,25.6,21.2,17.6,2.4,3.5,22.5,
108,2025-08-26,27.6,25.5,609,31.8,1543,8.75,1.2,421,2.5,417,5.4,7.6,270,1733,5,270,1823,2.8,2406,24,59,1508,81.8,29.8,997.5,1009.6,2247,1005.4,516,1007.1,13.2,5.6,1400,2.76,15,,,,,,6,4.6,28.5,22.8,27.4,27.4,26.4,26.3,28.3,26.4,25.6,21.2,17.6,3.4,4.8,0,
108,2025-08-27,26.7,23.6,617,30.8,1541,,,,,,,5.9,250,1658,3.8,270,1720,1.6,1361,21.4,50,1604,73.8,25.4,1000.6,1012,2344,1008.8,218,1010.3,13.2,2.6,1300,1.94,9.76,,,,,,6.5,4.8,26.3,21.2,26.5,25.5,23.6,23.1,28.3,26.6,25.8,21.2,17.6,2.4,3.5,,
108,2025-08-28,28.3,24.7,617,31,1350,,,,,,,9,160,1817,4.7,200,1329,2.7,2317,22.8,56,1411,72.9,27.8,1001.3,1012.3,726,1009.7,1847,1010.9,13.1,3,1000,2.32,14.35,,,,,,8.1,5.5,27.5,22.2,26.8,26.1,24.2,23.8,27.8,26.6,25.8,21.3,17.7,3.4,4.9,.3,
108,2025-08-29,29,27.3,543,32.8,1350,6.82,11.5,1639,12.5,2045,32.2,13.8,270,1642,6.3,230,1235,3.5,3019,25.5,62,1309,82,32.6,1002.3,1013.4,2352,1010.8,1511,1011.9,13.1,4.3,1200,2.99,17.8,,,,,,7.6,7.1,29.2,25.3,28,,,,27.9,26.5,25.9,21.3,17.8,3.6,5.2,55.8,
108,2025-08-30,28.4,25.8,832,31.8,1604,6.92,8.6,511,10.7,428,23.9,8.9,180,1232,4.9,200,1240,2,1727,24.6,57,1435,81.1,31,1003,1014.2,644,1011.2,1806,1012.7,13.1,5.8,1200,2.89,16.69,,,,,,5.3,4.1,27.6,23.8,27.5,27.9,27.2,27.1,28.2,26.4,25.8,21.3,17.7,3.6,5.1,0,
108,2025-08-31,28.5,25.1,549,31.8,1438,.08,0,,0,,0,8.2,180,1646,4.6,200,2122,2.4,2106,23.5,61,1459,75.3,28.9,998.8,1011.9,1,1005.6,1807,1008.4,13,5.9,900,2.2,15.74,,,,,,5.5,3,28.1,22.9,27.5,27.8,27.2,27.1,28.3,26.7,25.9,21.4,17.9,3.4,4.9,13.9,
108,2025-09-01,26.1,24.4,2357,28.2,1329,7.75,5.3,443,8.5,416,20.4,10.5,180,1504,6.1,180,1507,2.5,2195,23.8,76,1,87.3,29.4,995.1,1006.3,2300,1003,1451,1004.8,13,.6,1200,1.26,7.47,,,,,,9,5.6,26.5,22.4,26.7,27.2,26.9,26.8,28.2,26.6,26,21.5,17.9,1.7,2.4,6.5,
108,2025-09-02,26,22,643,30.6,1651,,,,,,,5,290,1419,3.2,320,1559,1.6,1349,20.8,53,1635,74.6,24.5,998.9,1010.5,2333,1006.2,1,1008.6,13,9.1,1100,2.83,20.32,,,,,,3,1.5,26,19.5,26.2,26.6,26.3,26.3,27.9,26.7,25.9,21.6,18,3.9,5.5,,
108,2025-09-03,27.6,22.6,608,32.1,1538,,,,,,,6.2,20,1131,3.5,160,1531,1.9,1631,20.5,39,1506,67.5,24.2,1000.5,1011.6,620,1008.4,1611,1010.1,12.9,9.5,1100,3.14,21.38,,,,,,5.3,2.5,26.8,19.8,26.4,26.7,26.4,26.2,27.7,26.7,26.1,21.8,17.9,4.1,5.8,43.1,
108,2025-09-04,25.8,22.8,626,29.8,1551,9.92,11.5,334,34.4,249,44.2,7.7,320,258,4.6,290,303,2.6,2232,22.3,65,1553,82.1,26.9,999.7,1011.2,831,1007.8,1547,1009.4,12.9,3.1,1300,2.81,13.76,,,,,,6.5,4.4,25.9,22,25.9,26.3,26,26.2,27.7,26.7,26.2,21.8,18.1,3.2,4.5,1.1,
108,2025-09-05,27.9,23.5,556,33,1520,,,,,,,7.6,140,1124,3.5,50,746,2.2,1864,21.4,52,1531,68.5,25.5,999.5,1010.6,937,1007.6,1506,1009.1,12.8,7.9,1300,3.07,20.45,,,,,,4.3,3.4,28.1,20.8,26.7,26.8,26.2,26.2,27.5,26.6,26.4,22.8,18.1,4,5.7,8,
108,2025-09-06,26.8,25.4,1941,30.4,1518,9.07,8.9,1651,14.9,1636,36.1,12.6,230,1520,7.1,230,1528,2.4,2111,24.3,70,1519,86.6,30.3,996.7,1009.2,1,1004.6,1456,1006.4,12.8,1.2,1100,1.89,8.94,,,,,,8.3,7,26.7,23.4,26.3,26.8,26.5,26.4,27.7,26.5,26.2,22.6,18.1,2,2.9,28.3,
108,2025-09-07,25.3,22.3,2353,28.3,1310,1.07,.2,,.5,-2331,.2,5.7,340,1430,3.3,200,228,2.1,1811,20.9,56,1619,77.5,24.8,997.3,1009.5,2352,1004.4,58,1007,12.8,1.7,1100,2,12.58,,,,,,7.1,3,25.9,17.8,26,26.4,26.2,26.4,27.6,26.4,26.5,23,18.5,2.6,3.7,,
108,2025-09-08,24.4,20.6,623,29.5,1454,3.75,0,,0,,0,5.7,320,1858,3.7,320,1904,1.8,1548,18.9,47,1504,73,21.9,1000.2,1011.5,1019,1008.5,1500,1010,12.7,3.9,1300,2.94,16.17,,,,,,8,3.3,25.8,17.5,25.2,25.3,25.4,25.8,27.4,26.6,26.5,22.9,18.7,3.4,4.8,0,
108,2025-09-09,23.7,21.4,2356,26.9,1615,5.5,0,,0,,0,4.9,160,1531,3.2,340,1357,1.6,1411,18.2,55,1448,71.9,20.9,1002.1,1012.6,1052,1010.7,14,1011.9,12.7,1,1000,1.35,9.73,,,,,,7.3,1.9,23.6,16.6,24.8,25.1,25.2,25.5,27.2,26.4,26.5,22.7,18.6,2.3,3.4,,
108,2025-09-10,24.8,18.4,642,31.5,1615,,,,,,,6.4,70,1324,3.6,50,1348,1.7,1475,15.7,27,1511,61.1,18,1002.5,1013.7,2328,1010.8,1444,1012.3,12.6,11.9,1200,3.31,24.56,,,,,,0,0,25,14,24,24.3,24.6,25,26.9,26.5,26.3,22.5,18.9,5.5,7.9,,
108,2025-09-11,25.8,19.9,539,31.7,1604,,,,,,,8,50,1145,4.2,70,949,2.5,2146,16.2,36,1557,57.6,18.4,1005,1016.9,1003,1013.1,1517,1014.7,12.6,11.8,1200,3.25,24.11,,,,,,2.8,0,25.4,14.8,24,24.4,24.5,24.8,26.5,26.2,26.3,22.4,18.9,6,8.5,,
108,2025-09-12,23.9,21.1,2400,26.3,1232,7.33,.7,2048,2.7,2329,6.8,7.7,50,755,4.4,50,132,2.7,2354,17.5,54,1048,68.8,20.1,1002.5,1015.5,35,1007.7,2347,1012.4,12.6,.3,900,1.34,7.7,,,,,,9.5,5.3,23.7,19,23.8,24.3,24.5,24.8,26.4,26.1,26,22.3,19,1.9,2.8,70.5,
108,2025-09-13,23.3,20.4,205,27.6,1608,8.58,6,153,22.5,137,63.7,8,20,153,4.1,50,125,2.4,2062,19.6,59,1636,81,22.8,995.9,1008.8,2341,1002.2,557,1005.7,12.5,,,,,,,,,,8.9,5.5,23.2,19.3,22.5,22.9,23.1,23.6,25.6,26,26.1,22.3,18.9,,,0,
108,2025-09-14,24.8,21.5,624,29.3,1616,,,,,,,4.9,250,2010,2.8,250,1812,1.6,1381,19.2,52,1556,72,22.2,1001,1013.2,2351,1008.6,17,1010.8,12.5,5.7,1100,2.69,16.74,,,,,,6,3,24.5,18.4,23.8,24.2,23.7,23.7,25.5,25.8,26.1,23.3,19.2,3.4,4.9,,
108,2025-09-15,25.7,20.8,638,30.7,1447,,,,,,,5.9,160,1347,3,160,1347,1.5,1278,19.8,50,1617,71.6,23.1,1004.3,1015.6,1006,1012.6,1535,1014.1,12.4,9.4,1400,2.53,18.66,,,,,,4.3,0,25.3,16.5,24.5,24.6,24.2,24.4,25.7,25.4,26.1,23,19.1,3.5,5,,
108,2025-09-16,23.7,22.2,429,27.1,1327,4.27,9.7,1352,14.8,1352,17.5,12.1,320,1354,5.6,270,1359,1.5,1305,21.3,77,1110,86.8,25.3,1001.8,1013.9,334,1008.9,1534,1011.6,12.4,.7,800,.83,5.11,,,,,,7.5,5.9,23.2,18.3,23.2,24.1,24.3,24.2,25.8,25.5,25.8,22.8,19.2,1,1.4,19,
108,2025-09-17,22.7,21.2,2354,24,837,8.5,21.5,1044,41.2,1010,52.7,9.2,270,1353,4.8,320,1354,1.7,1428,21.2,86,1802,92,25.2,999.1,1011.7,2311,1006.6,1354,1008.9,12.4,.4,1200,.94,3.54,,,,,,8.5,7.5,23.4,18.1,22.9,23.6,23.6,23.7,25.6,25.4,25.7,22.7,19.3,.8,1.2,51.2,
108,2025-09-18,22.1,19.6,606,26,1513,,,,,,,8.2,20,1319,4.5,50,2044,2.6,2274,17,57,1523,74.4,19.5,1005,1017.7,2338,1010.6,18,1014.9,12.3,6.1,1300,3.06,17.27,,,,,,6.6,3.8,22.5,16.9,22.9,23.1,23,23.2,25.1,25.2,25.8,23.7,19.2,4,5.7,0,
108,2025-09-19,19.4,17.9,2352,21.4,1152,15.08,2.5,2347,7.1,2325,13.8,7.1,50,340,4,70,744,2.8,2452,16.1,66,9,82,18.4,1005.6,1018.2,845,1010.7,2351,1015.6,12.3,0,1100,.79,4.73,,,,,,9.9,5.8,20.2,16.7,21.5,21.7,22.4,23.1,25.1,25.2,25.8,23.5,19.3,1.1,1.5,49.1,
108,2025-09-20,20,17.5,336,23.6,1635,8.58,2.8,234,11.6,204,35.3,6.8,50,358,3.7,50,333,1.8,1552,17.4,67,1653,85.4,19.8,998.9,1012.9,2347,1005.9,523,1008.9,12.3,1.2,1300,1.61,8.41,,,,,,8.9,7.9,21.1,16.8,20.3,20.6,21,21.5,24.1,25,25.7,23.4,19.4,1.8,2.6,0,
108,2025-09-21,21.6,17.2,540,27.3,1507,,,,,,,7.5,360,1138,4.2,50,1124,2.1,1817,14.9,48,1432,67,17,1006.7,1019.9,2354,1012.8,41,1016.7,12.2,10.2,1200,3.1,22.01,,,,,,4.1,2.8,21.9,14,21.5,21.6,21.6,21.9,23.9,24.8,25.6,23.9,19.6,4.5,6.5,,
108,2025-09-22,21.3,17.6,636,25.1,1341,,,,,,,7.8,160,1632,4.1,50,1217,2.5,2142,12.9,44,1152,59.8,15,1009.7,1021.6,856,1017.6,1613,1019.7,12.2,4.3,1100,2.51,14.98,,,,,,8.8,4.8,20.5,14.3,21.2,21.5,21.8,22.1,24,24.5,25.4,23.6,19.8,3.3,4.7,,
108,2025-09-23,22.7,19.2,626,26.8,1530,.83,0,,0,,0,8,320,1357,3.9,90,1313,2.4,2116,13.2,34,1312,56.5,15.2,1007.8,1020.1,734,1015.8,1542,1017.8,12.1,5.2,1200,2.96,16.89,,,,,,8.1,5.9,22.5,16.2,22,21.9,21.8,22,23.9,24.5,25.4,23.3,19.8,4.1,5.8,0,
108,2025-09-24,22,20.4,340,23.7,1144,11.5,10.2,1330,24.6,1315,35.2,7.7,90,840,4.1,250,2004,2.1,1844,18.5,59,5,81.8,21.6,1002.8,1016.1,9,1010.4,1600,1012.7,12.1,.1,800,.49,2.84,,,,,,8.3,6.6,21.2,16.2,21.3,21.6,21.8,22.2,24.1,24.3,25.2,23.1,19.7,.8,1.1,35.5,
108,2025-09-25,22.5,20.2,2351,26.4,1622,1.25,.2,,.3,10,.3,4.9,290,1551,2.8,290,1551,1.4,1197,18.6,51,1624,80,21.5,1006.8,1018.6,2257,1014.2,1,1016.8,12.1,5.5,1400,2.15,13.81,,,,,,6.1,3.3,22.6,15.4,22.3,22.4,22.1,22.3,23.8,24.1,25,23,19.6,2.5,3.6,,
108,2025-09-26,21.7,17.8,626,27.1,1543,,,,,,,5.2,70,1018,2.9,50,1010,1.4,1234,17.4,56,1559,78.1,19.8,1008.4,1020.1,852,1016.6,1538,1018.4,12,8.1,1200,2.92,18.53,,,,,,3,.6,21.7,12.4,21.5,21.8,21.9,22.1,24.1,24,24.8,23.1,19.7,3.4,4.8,,
108,2025-09-27,22.5,17.6,617,27.2,1420,,,,,,,7,140,1151,3.4,70,914,1.9,1673,16.7,53,1310,71.1,19,1006.3,1018.5,842,1013.7,2342,1016.2,12,8.3,1100,2.59,16.5,,,,,,4,1.4,22,13.8,21.8,21.9,21.8,22.2,23.2,24.1,24.6,23.1,19.9,2.9,4.2,23.1,
108,2025-09-28,20,18.4,1000,21.9,1411,7.92,2.4,948,13,901,44.5,6.2,290,945,3.7,320,954,1.7,1431,17.5,73,1,85.6,20,1000.2,1013.6,1,1007.8,1522,1010.1,11.9,.9,1300,1.84,5.86,,,,,,9.1,6.5,20.9,16.7,20.8,21.1,21.4,21.8,23.8,23.9,24.7,22.9,20,1.2,1.7,21.4,
108,2025-09-29,19.6,16.6,656,23.9,1454,,,,,,,6.1,320,15,3.2,320,54,1.5,1302,15.4,57,1434,77.8,17.5,1002.1,1013.4,853,1010.7,1649,1012.1,11.9,4.9,1300,2.01,11.97,,,,,,4,1.4,20,13.5,20.3,20.6,20.8,21.3,23.4,23.8,24.6,23.4,20,2.1,3,,
108,2025-09-30,19.8,17.3,625,24,1409,,,,,,,4.4,290,1433,2.6,50,922,1.4,1195,16.3,62,1439,81.3,18.5,1002.3,1014,756,1010.3,1626,1012.2,11.8,1.2,1300,2.04,8.56,,,,,,6.1,2.6,19.8,13,20.2,20.3,20.6,20.9,23.1,23.6,24.5,23.2,19.9,1.6,2.3,,
108,2025-10-01,20.5,16.7,626,25.6,1421,,,,,,,7.3,250,1749,4.7,250,1755,1.7,1479,16.2,54,1440,78.1,18.5,1003.2,1014.9,2324,1011.7,1358,1013.2,11.8,4.7,1400,2.04,12.23,,,,,,4.8,1.9,20.5,12.3,20.1,20.3,20.5,20.9,22.9,23.6,24.4,23.1,20,2.3,3.3,,
108,2025-10-02,21.4,17.3,620,25.8,1324,,,,,,,4.6,70,2336,2.6,50,2348,1.5,1273,16.4,56,1234,74.5,18.6,1006.6,1017.9,1013,1014.9,1,1016.5,11.8,5.7,1100,2.48,13.94,,,,,,9,.5,21,13.8,20.3,20.8,20.7,20.9,22.9,23.4,24.4,23,20.2,2.5,3.5,.4,
108,2025-10-03,21.2,19.8,621,22.3,1338,9.33,.2,,.3,330,.8,7.4,50,1308,3.8,50,1501,2.4,2036,16.6,66,1308,75.5,18.9,1005.2,1017.7,848,1013,1758,1015.1,11.7,0,1100,1.2,5.64,,,,,,9.6,7.5,20.9,18,20.4,20.9,20.9,21,23.1,23.4,24.2,22.9,20.4,1.7,2.5,.4,
108,2025-10-04,22.5,20.9,624,25,1405,2.23,0,,0,,0,6.3,70,913,3.4,50,1137,1.9,1677,17.7,67,1,74.6,20.3,1002.9,1013.8,2350,1011.7,1654,1012.8,11.7,.6,1300,2.13,7.29,,,,,,9.4,7.1,22.1,18.4,21.4,21.2,20.9,21.2,22.9,23.3,24.2,22.8,20.5,1.6,2.2,0,
108,2025-10-05,21.4,20.6,1953,22.3,32,7.17,3.9,1042,10.4,1001,18.1,4.5,20,1343,2.8,50,1343,1.6,1420,19.5,82,5,89.6,22.7,1003.3,1014.4,1001,1011.8,1624,1013.2,11.7,0,1200,.63,2.85,,,,,,9.6,7,21.3,18.7,20.9,21.4,21.2,21.3,23.2,23.3,24.2,22.7,20.6,.7,1,22.3,
108,2025-10-06,17.6,15.4,2001,20.7,1,19.67,2.3,2321,8.1,2249,36.8,11.4,70,1846,6.4,70,1836,3.8,3242,16.5,87,1151,93.8,18.9,1004.9,1016.4,949,1013.5,329,1015,11.6,0,1300,.37,2.17,,,,,,10,7.3,18.5,14.7,19.5,19.9,20.4,21,23,23.1,23.9,22.6,20.5,.6,.8,38.2,
108,2025-10-07,18.2,15.5,1,20,1322,22.67,.5,-2356,2,-2350,7.1,11,50,535,5.4,70,405,3.1,2674,17.4,86,1344,94.9,19.8,1004.6,1015.9,2239,1013.1,1516,1014.6,11.6,0,1200,1.08,4.81,,,,,,9.8,7.1,18.3,15,18.4,18.2,18.4,19.2,21.9,23,23.9,22.7,20.6,1,1.4,1.5,
108,2025-10-08,21.9,17.2,652,28,1518,.58,0,,0,,0,6.4,320,1725,3.8,320,1726,1.4,1225,16.2,41,1536,72.8,18.5,1005.8,1017.6,930,1013.9,1515,1015.7,11.5,10.7,1200,2.76,18.97,,,,,,3.6,3.6,21.3,14.5,20.3,20.2,19.9,20,21.7,22.7,23.8,23,20.8,3.7,5.3,,
108,2025-10-09,20,16.9,2348,22.6,1304,8,.1,,.2,,0,8.8,50,2157,4.9,50,2249,3.3,2859,14.1,59,430,69.6,16.1,1008.1,1019.3,859,1016.2,1,1018.1,11.5,0,1100,1.21,6.18,,,,,,9.9,5.5,19.5,15.9,19.9,20,20.1,20.2,22.2,22.6,23.6,22.9,21,1.7,2.4,6.9,
108,2025-10-10,17,16,308,17.7,1309,23.92,2,1935,7,1859,49.3,7.8,50,18,4.3,50,39,2.9,2500,16.6,89,19,98.1,18.9,1006.5,1018.9,1,1014.9,2355,1016.6,11.4,0,1100,.27,1.42,,,,,,10,8.5,17.6,15.6,18.2,18.5,19.1,19.6,21.9,22.5,23.6,22.8,21.2,.4,.6,58.5,
108,2025-10-11,20.3,17.3,13,23.8,1357,16.17,1.5,135,4.8,55,22.5,9.6,230,1544,5.3,230,1503,2.4,2100,19,73,1459,93.1,22,1001.1,1014.9,1,1008.9,1723,1011.1,11.4,.1,1300,1.36,4.31,,,,,,9.9,7,19.7,16.8,19.1,18.7,18.4,18.7,21,22.2,23.4,23,21.4,1,1.4,6.5,
108,2025-10-12,19,17.6,350,21.4,1302,2.5,.1,,.1,,.1,8.1,50,1817,4.3,50,1427,2.3,2001,16.2,72,1608,84.6,18.4,1002.7,1015.1,2328,1009.6,51,1012.7,11.4,.2,1000,1.21,6.03,,,,,,9.5,6.9,19.5,16.8,19.7,19.5,19.3,19.5,21.2,21.9,23.3,23.1,21.5,1.4,2,10.5,
108,2025-10-13,15.7,13.9,1950,18.3,1,17,1.4,1710,4.7,1653,25.1,10.3,50,1642,5.4,50,1747,3.5,2981,14.7,83,2,94.4,16.8,1004.1,1015.4,2026,1012.8,350,1014.2,11.3,0,1100,.36,1.83,,,,,,10,7.9,16.7,13.5,17.5,17.8,18.4,18.9,21.3,21.9,23,23,21.7,.6,.9,15.2,
108,2025-10-14,17.9,14.4,1,20.9,1402,6.5,.2,,.4,410,.6,8.7,70,1346,4.6,50,1411,3.1,2637,14.2,67,1255,80.3,16.2,1006.9,1019.8,2052,1014.6,204,1017,11.3,.6,1100,1.87,10.48,,,,,,8.9,7.8,18.1,13.8,17.8,17.5,17.5,18.1,20.6,21.7,22.9,22.9,21.7,2.1,3,0,
108,2025-10-15,20.2,16.1,615,25.3,1414,6.08,.3,2305,1.2,2251,1.5,8.1,180,1908,4,160,1909,2.4,2078,15.3,55,1336,74.8,17.5,1007.8,1020.5,742,1015.3,2354,1017.8,11.3,6.3,1200,2.66,14.07,,,,,,5.5,3.5,19.2,12.7,19.1,18.6,18.4,18.6,20.6,21.6,22.8,22.9,21.7,2.6,3.7,2.8,
108,2025-10-16,20.2,17,706,24.8,1452,3.58,.2,,.6,1,1.3,8.5,50,2057,4.5,50,2134,2.4,2075,15.5,59,1606,75.3,17.6,1007.9,1022,2339,1013.9,350,1017.9,11.2,6.8,1100,2.55,13.85,,,,,,3.4,2.8,19.8,14,19.6,19.3,19.1,19.1,20.9,21.5,22.6,22.7,21.8,2.9,4.1,,
108,2025-10-17,19.9,15.6,600,24.8,1353,7.75,1.7,2127,5.3,2058,11.3,9,140,1206,4.9,110,1212,2.3,1963,15,54,1306,74.8,17.1,1009.7,1023.6,831,1015.9,2400,1019.7,11.2,6.4,1200,2.57,13.45,,,,,,6,4.4,19.1,11.8,19.3,18.9,18.8,19.1,21.1,21.4,22.6,22.6,21.9,2.3,3.3,22.5,
108,2025-10-18,15.8,14.2,2356,18.6,1,7.83,.6,209,2.8,236,11.2,8.1,320,759,5,320,808,2.3,1957,13.7,79,1644,87.8,15.7,1009.1,1023,2309,1015,405,1019.3,11.1,0,1400,.78,4.81,,,,,,9.8,8.8,17.7,12.5,18.3,18.2,18.6,19,21,21.4,22.6,22.5,22,1.1,1.5,,
108,2025-10-19,14.5,8.9,2353,19.2,1322,,,,,,,10.1,320,1858,5.2,320,1945,2.8,2410,9.2,57,1505,71.5,11.9,1012.7,1025.8,2239,1020.7,1350,1023,11.1,5.1,900,1.84,11.43,,,,,,4.6,2.5,15.6,6.5,17,17.1,17.9,18.6,20.6,21.3,22.4,22.4,22.1,2.3,3.2,,
108,2025-10-20,10,5.3,649,16.5,1517,,,,,,,9.2,320,10,5.1,320,2,2.7,2317,3.7,52,1952,65.9,8.1,1016.7,1028.8,2316,1025.4,4,1027.2,11.1,4.9,1300,2.07,13.24,,,,,,4.8,2.9,12.3,2.9,14.4,14.6,16.1,17.2,19.9,21.2,22.4,22.4,22,2.3,3.3,,
108,2025-10-21,9.2,4.8,544,14.1,1439,,,,,,,5.6,320,1318,3.1,290,1318,1.6,1416,3.5,53,1711,68.3,7.9,1018.1,1030.2,836,1027,1407,1028.7,11,5.8,1100,1.99,11.48,,,,,,5.3,0,11.4,1.8,13.1,13.4,14.9,15.9,19.1,21,22.3,22.3,22.1,1.7,2.4,,
108,2025-10-22,13.1,6.6,340,18.6,1508,,,,,,,5.1,50,1010,2.9,50,1011,1.5,1339,7.8,53,1540,72.1,10.7,1017.2,1029.4,753,1025.8,1635,1027.6,11,6.2,1100,2.44,12.99,,,,,,3,3,12.9,2.2,13.3,13.4,14.3,15.3,18.3,20.7,22.2,22.2,22.1,2.1,3,,
108,2025-10-23,14.9,11.8,452,19.6,1424,,,,,,,5.2,340,1809,3.4,340,1804,2,1720,9.4,54,1636,70.3,11.8,1016,1027.7,759,1024.4,1430,1026.3,11,4.3,1100,1.81,9.49,,,,,,3.8,3,13.9,7.8,14.7,14.6,15,15.7,18.1,20.3,22.1,22.2,22.1,2,2.8,,
108,2025-10-24,15.8,11.3,710,21.5,1546,,,,,,,6.4,20,1148,3.8,50,123,2.1,1787,9.3,47,1459,66.5,11.7,1014.2,1027.3,813,1022,1719,1024.5,10.9,7.3,1200,2.21,14.57,,,,,,5.4,3,15.1,6.9,15.1,14.8,15.3,15.7,18.1,20,21.8,22.1,22.2,2.3,3.3,,
108,2025-10-25,14.4,12.6,737,17.7,1529,,,,,,,6.7,290,1617,4.1,320,2106,2.1,1818,8,45,1623,66.9,10.9,1010.3,1022.7,2,1019,1554,1020.6,10.9,3.9,1000,1.61,8.78,,,,,,6.9,5.1,13.9,8.6,14.9,15,15.6,16.1,18.2,19.9,21.7,22.1,22.2,2,2.8,,
108,2025-10-26,12.2,10.6,2356,13.9,1434,2.67,.3,1229,.4,1132,.5,10.8,340,2256,5.1,320,2304,1.7,1497,6.7,49,1014,70.1,10,1007.2,1019.6,8,1016,1345,1017.5,10.8,0,1300,.89,4.55,,,,,,7.4,5.3,13,6.2,14.2,14.1,14.9,15.6,18,19.7,21.6,22,22.3,1.3,1.9,.5,
108,2025-10-27,8.1,3.7,727,12.2,1456,,,,,,,10.5,290,1209,5.9,290,1215,2.8,2418,-3.3,25,1117,45,4.8,1011.7,1025.8,2333,1017.7,10,1022.2,10.8,9.2,1200,2.57,16.01,,,,,,0,0,8.6,-1.2,11.2,11.9,13.7,14.8,17.5,19.6,21.4,22,22.3,2.8,4,,
108,2025-10-28,8.5,3,734,14.4,1420,,,,,,,5.7,250,1339,2.9,270,1220,1.4,1240,-1.6,23,1154,52.4,5.5,1017.8,1030.2,2232,1025.8,1,1028.4,10.8,9,1200,2.47,15.43,,,,,,.5,.5,8.7,-4.8,9.8,10.7,12.8,13.8,16.6,19.3,21.3,21.9,19.7,2.7,3.8,,
108,2025-10-29,11.4,6.2,332,18.3,1507,,,,,,,5.4,50,637,3.2,50,836,1.7,1438,4.8,45,1529,65,8.7,1018.8,1031.6,925,1027.2,1800,1029.3,10.7,7.6,1200,2.24,13.27,,,,,,1.1,1.1,11.3,.7,11.1,11.5,12.8,13.5,16,19,21.1,21.9,19.7,2.2,3.1,,
108,2025-10-30,12.8,7.7,655,18.2,1344,,,,,,,4.8,50,1054,2.8,50,1055,1.5,1279,7.2,49,1318,70.3,10.2,1015.5,1028.2,1,1023.9,1709,1025.9,10.7,6.7,1200,1.88,11.38,,,,,,5.5,.8,12.7,2.3,12.1,12.3,13.2,13.8,15.8,18.6,20.9,21.8,19.7,1.8,2.5,,
108,2025-10-31,15.1,11.3,604,20.7,1432,2.83,.3,2356,.7,2330,.1,8.6,320,2127,5.4,320,2153,2,1752,9.3,43,1421,69.9,11.7,1007.1,1024.1,1,1013.4,2356,1017.3,10.7,2.5,1100,1.91,10.42,,,,,,8.1,7.4,15.8,7.3,14,13.8,14.1,14.3,15.9,18.4,20.7,21.7,19.7,2.1,3.1,.8,
108,2025-11-01,12.9,10.5,722,17.7,1431,4.67,,,,,2.4,10.6,320,1708,4.5,290,1710,2.3,1999,7.5,29,1533,73,10.5,1003.2,1014.9,2400,1011.9,1441,1013.4,10.6,8.1,1200,2.4,14.23,,,,,,3.8,3.3,13.8,5.3,13.6,13.9,14.7,15,16.3,18.2,20.5,21.7,19.8,2.5,3.6,1.9,
108,2025-11-02,8,3.7,2352,11.7,1414,.32,,,,,.2,10.9,250,1107,6.8,250,1344,3.1,2661,-.4,37,1514,57,6.2,1009.8,1027.1,2358,1014.6,35,1020.3,10.6,8.1,1300,2.36,14.4,,,,,,1.9,1.9,9,-1.3,11.1,11.9,13.6,14.4,16.2,18.1,20.3,21.6,19.8,2.7,3.8,,
108,2025-11-03,7.2,.5,618,14.7,1438,,,,,,,6.4,340,39,3.8,320,32,1.5,1311,-1.8,34,1558,54.1,5.4,1018.4,1031.6,932,1027,14,1029.1,10.6,9.6,1200,2.4,15.16,,,,,,.4,.4,7.2,-5,8.8,9.7,11.8,12.9,15.4,18,20.2,21.6,19.8,2.3,3.3,,
108,2025-11-04,10.2,5.5,633,16.3,1507,,,,,,,5.6,340,1747,3.5,250,1232,1.5,1307,2.5,41,1448,60.6,7.4,1016.6,1028.7,1,1025.2,1547,1027.1,10.5,9,1200,2.22,13.64,,,,,,.9,.9,9.8,.1,10.1,10.5,11.8,12.4,14.8,17.8,20,21.5,19.8,2.3,3.3,,
108,2025-11-05,11.6,5.7,653,19,1406,,,,,,,4.4,340,1741,2.9,320,1745,1.4,1193,3.7,37,1506,60,8,1014.4,1026.9,821,1022.4,1523,1024.8,10.5,9.6,1200,2.22,13.73,,,,,,1.1,0,10.1,.1,10.5,10.8,11.9,12.5,14.6,17.5,19.9,21.4,19.9,2.3,3.3,,
108,2025-11-06,12.5,7.3,712,18.8,1434,,,,,,,5.5,290,1408,3.8,290,1408,1.6,1349,6.8,49,1430,69.9,10,1014.3,1026.5,823,1023,1439,1024.6,10.5,8.1,1200,2.03,11.64,,,,,,3.8,0,11.2,1,11.3,11.4,12.2,12.7,14.5,17.2,19.7,21.4,19.9,2,2.8,,
108,2025-11-07,13.9,8.3,728,19.9,1445,,,,,,,6.6,50,2131,3.7,70,2136,1.9,1636,7.2,41,1524,66.3,10.1,1014.8,1026.5,910,1023.2,1729,1025.1,10.4,8.9,1200,2.14,12.72,,,,,,1.8,.3,12.2,2,11.8,11.9,12.6,13,14.6,17,19.5,21.3,20,2.6,3.7,,
108,2025-11-08,14.5,12.3,317,17,1430,.52,,,,,0,6.5,70,156,3.5,50,805,2.2,1887,8.9,60,1416,69.4,11.4,1012.6,1026.3,334,1018.7,2350,1022.9,10.4,0,1200,1.02,4.54,,,,,,8.8,7.1,13.6,6.2,13,12.7,13.2,13.3,14.7,16.9,19.3,21.2,20.1,1.2,1.7,0,
108,2025-11-09,13.5,10.4,2352,17.6,1302,,,,,,,10.4,250,2123,5.2,250,1520,2.6,2261,6.5,33,1322,64.1,9.8,1007,1018.9,2,1015.2,1432,1017.2,10.4,7.6,1200,2.18,12.2,,,,,,1.8,1,13.4,3.8,12.9,12.8,13.5,13.7,15,16.8,19.2,21.2,20.1,2.8,4,,
108,2025-11-10,8.3,5.4,701,12.7,1455,,,,,,,8.4,250,37,4.5,290,1201,2.5,2154,-5.7,22,1525,37.6,4,1010.4,1022.6,2335,1018.4,10,1020.9,10.3,9.7,1200,2.35,14.73,,,,,,.4,0,7.8,-3.1,10.1,10.6,12.4,13.1,14.9,16.8,19,21.1,20.2,3,4.3,,
108,2025-11-11,8.9,3.9,318,15.1,1359,,,,,,,5.4,320,1246,3.5,290,1300,1.6,1357,.6,39,1117,57.6,6.6,1013.1,1025.2,2228,1022.3,1348,1023.6,10.3,8.3,1200,2.29,12.67,,,,,,2.8,1,8.2,-4.4,9.2,9.5,11.1,12,14.2,16.7,18.9,21,20.3,2.1,3,,
108,2025-11-12,10.8,6,549,17.7,1424,,,,,,,5.3,270,1729,3.3,270,1736,1.8,1533,4,35,1455,65.5,8.2,1013,1025.8,601,1021.3,1606,1023.5,10.3,9.4,1200,2.16,13.15,,,,,,1.1,1.1,9.4,-.8,10.1,10.2,11.2,11.8,13.8,16.5,18.8,21,20.4,2.2,3.2,,
108,2025-11-13,11.1,6.7,508,17.6,1424,,,,,,,7.3,200,1332,3.9,290,1352,1.7,1510,4.4,34,1347,65.4,8.5,1009.3,1022.1,56,1017.5,1450,1019.7,10.2,5.8,1300,2.04,10.16,,,,,,3.6,2.5,9.8,-1,10.5,10.5,11.4,11.9,13.7,16.3,18.7,20.9,20.5,2.1,3.1,,
108,2025-11-14,9.1,4.5,746,15.1,1421,,,,,,,7.5,270,1201,4,290,1203,1.9,1616,-.4,28,1309,53.8,6,1011.4,1024.7,2349,1019.7,1,1021.9,10.2,9.5,1200,2.24,13.71,,,,,,0,0,7.6,-3.5,9,9.5,11,11.6,13.6,16.1,18.5,20.8,20.5,2.5,3.5,,
108,2025-11-15,9.8,3.6,737,17.5,1516,,,,,,,4.8,50,830,2.8,50,835,1.3,1127,-1.3,21,1529,49.1,5.6,1016.6,1028.4,2232,1024.6,1,1027.1,10.2,8.9,1100,2.14,12.76,,,,,,1.3,.4,7.1,-3.8,8.5,8.9,10.3,11.1,13.1,15.9,18.4,20.7,20.5,2.5,3.5,,
108,2025-11-16,11.6,5.5,731,18.7,1346,1.25,,,,,.3,10.3,320,2317,6.1,320,2325,2.4,2108,3.3,24,1315,58.4,8.2,1015.2,1027.9,44,1023.8,1958,1025.6,10.1,7.9,1200,2.09,12.32,,,,,,3.6,3.5,9.9,-1.6,9.5,9.4,10.3,10.9,12.8,15.7,18.3,20.7,20.7,3.1,4.4,.3,
108,2025-11-17,3.2,-.7,2355,9.7,1,,,,,,,11.4,250,1048,6.6,290,1044,3.7,3185,-10.3,25,500,37.4,2.8,1018.9,1031.6,943,1026,3,1029.7,10.1,6.7,1300,1.82,10.53,,,,,,4.8,2.6,4.3,-7.1,7.4,8.4,10.3,11.1,12.9,15.5,18.1,20.6,20.7,2,2.9,,
108,2025-11-18,1.6,-2,546,6.5,1443,,,,,,,8,340,1009,4.6,250,1526,2.3,1983,-8.8,30,1148,47.1,3.2,1016.8,1030.4,843,1025.2,1516,1027.7,10.1,9.1,1200,2.16,13.11,,,,,,.8,.8,1.9,-8.5,4.6,5.7,8.1,9.5,12.2,15.3,18,20.5,20.7,2,2.8,,
108,2025-11-19,3,-1.6,727,8.6,1502,,,,,,,5.8,200,1422,3.3,230,1416,1.6,1384,-6.8,27,1409,50.1,3.7,1015.7,1028,827,1025.2,1457,1026.5,10.1,9.3,1200,2.1,12.53,,,,,,0,0,2.2,-9.8,4.5,5.3,7.3,8.5,11.4,15.1,17.8,20.5,20.7,2,2.8,,
108,2025-11-20,7.4,1.6,106,14.6,1453,,,,,,,10,200,1416,5.3,230,1402,2.5,2155,-.2,35,1953,58.8,6.2,1013.4,1026.1,17,1020.9,1528,1024,10,5.9,1000,1.59,9.13,,,,,,4.5,4.5,7.5,-5.5,6.8,6.7,7.7,8.5,10.9,14.8,17.7,20.4,20.8,1.8,2.6,,
108,2025-11-21,7.4,1,655,12.5,1406,,,,,,,9.7,230,1508,5.6,230,1417,1.9,1641,-.6,29,1211,58.5,6.1,1014.9,1027,852,1023.9,1504,1025.5,10,7.5,1200,2.08,11.77,,,,,,3.1,3.1,5.4,-8,6.5,6.6,7.9,8.7,10.9,14.4,17.5,20.3,21.4,2,2.9,,
108,2025-11-22,9.6,5.4,739,15.1,1412,,,,,,,9.1,180,1344,4.5,200,1448,1.7,1436,2.8,36,1541,65.3,7.5,1014.8,1027.1,942,1024.2,1555,1025.3,10,6.3,1100,1.84,9.4,,,,,,3,2.5,7.3,-1.8,7.8,7.8,8.7,9.1,10.9,14.2,17.3,20.2,21.7,1.8,2.5,,
108,2025-11-23,10.9,6.6,235,14.4,1419,,,,,,,7.8,200,1615,4.2,180,1327,2.1,1774,5.5,59,1420,69.6,9.1,1011.3,1024.6,1,1019.7,2325,1021.7,10,.6,1000,.83,4.46,,,,,,8,5.9,9.2,-.4,8.8,8.5,9,9.5,11.1,14,17.1,20.2,21.7,1.2,1.7,,
108,2025-11-24,12.4,9.6,2350,16.8,1448,,,,,,,9.9,200,1432,5.4,230,1440,1.8,1545,7.4,38,1624,72.5,10.3,1006.5,1020,22,1014.6,2347,1016.8,9.9,3.2,1400,1.17,5.64,,,,,,5,3.5,11,.7,10.5,10,10.1,10.3,11.4,13.9,16.9,20.1,21.8,1.3,1.8,6.2,
108,2025-11-25,7.4,5.3,2328,9.6,1,3.58,,,,,7.8,10.5,290,1334,6,250,1314,2.5,2147,4.2,70,2334,81.1,8.4,1005.8,1023.2,2400,1012,449,1016.3,9.9,.2,1100,.71,2.89,,,,,,8.8,7.5,7,.6,8.4,8.7,9.8,10.3,11.7,13.9,16.7,20,21.6,.8,1.2,1.6,
108,2025-11-26,6.4,3.5,750,10.9,1241,,,,,,,6.1,180,1241,3.2,160,1300,1.5,1271,.4,47,1245,66.4,6.3,1014,1027.1,830,1022,2351,1024.6,9.9,5.4,1200,2.15,8.77,,,,,,3.5,3,6.1,-4,7.6,7.9,9.1,9.7,11.5,13.9,16.6,20,21.5,1.4,1.9,.1,
108,2025-11-27,5.1,2.5,2350,8.7,1323,5.83,,,,,10,12.5,290,1809,5.7,270,1352,3,2571,1.4,63,2136,77.4,6.9,1005.1,1022.6,124,1010.9,1336,1015.7,9.9,.3,1200,1.14,2.69,,,,,,6.4,4.4,5,-3.1,6.6,6.9,8.3,9,11.2,13.8,16.5,19.9,21.4,.8,1.1,9.9,
108,2025-11-28,2.3,-1.3,728,7,1436,,,,,,,6.4,320,119,3.9,270,14,2,1693,-5.9,32,1339,56.4,3.9,1011.4,1023.2,958,1020,1,1022.2,9.8,9.2,1200,2.03,11.93,,,,,,.3,.3,2.4,-7.1,4.6,5.3,7.2,8.2,10.6,13.7,16.4,19.8,21.2,1.8,2.5,,
108,2025-11-29,5.7,.3,615,9.3,2317,2.92,,,,,.1,6.6,50,1336,3.4,50,1656,2.3,1963,-2.3,42,1326,57.1,5.3,1006.9,1022,1,1015.1,1545,1017.5,9.8,2.9,1100,1.23,5.95,,,,,,5.5,5.3,4,-6.1,5,5,6.4,7.3,9.8,13.4,16.3,19.7,21.1,1.2,1.7,.1,
108,2025-11-30,12.4,9.1,34,16.1,1406,,,,,,,7.5,200,1513,4.3,200,1520,1.9,1646,8.6,59,1516,78.8,11.2,1004.8,1016.7,830,1013.3,1635,1015.1,9.8,3.9,1200,1.51,6.97,,,,,,3,3,9.6,3,8.9,8.2,8,8.1,9.8,13.1,16.1,19.6,21,1.5,2.2,,
108,2025-12-01,5.5,2.3,2358,12.2,1,,,,,,,10.5,250,120,5.7,270,127,3.1,2669,-4.1,31,1417,50.5,4.6,1010.4,1023.6,2350,1015.1,1,1021,9.8,9.1,1200,2.02,11.8,,,,,,.8,0,4.8,-2.5,7.2,7.5,8.6,9,10.4,12.9,16,19.6,20.9,2.1,3,,
108,2025-12-02,.1,-5.4,2354,3.3,1500,,,,,,,10.7,270,1313,6.3,290,1616,3.3,2866,-12,25,1200,41.1,2.5,1014.1,1027.6,2258,1023,230,1025,9.8,8.5,1100,1.71,10.19,,,,,,2.1,0,1.5,-8.9,4,4.7,6.9,7.8,10.1,12.9,15.8,19.5,20.8,1.9,2.7,,
108,2025-12-03,-5.9,-8.1,2359,-2.8,1436,,,,,,,11.3,340,224,6,290,1503,3.2,2792,-17.2,28,918,41.4,1.6,1016.3,1029.7,2329,1025.3,1351,1027.5,9.7,8.4,1200,2.03,11.25,,,,,,.6,.6,-2.1,-13.7,.8,1.9,4.7,6.1,9.1,12.7,15.7,19.4,20.7,1.4,1.9,,
108,2025-12-04,-3.2,-9.4,650,3.5,1503,2.5,,,,,4,11.4,290,2223,6.2,290,2235,2.3,1997,-13,22,1403,49.6,2.5,1015.7,1029.7,1,1021.4,1817,1026.7,9.7,8.7,1200,1.99,11.57,5.1,1930,5.1,1930,5.1,1.4,.9,-2,-14.4,.1,.7,3.2,4.7,7.9,12.4,15.5,19.3,20.7,1.4,2.1,4,
108,2025-12-05,-2.6,-6.9,725,2.5,1517,,,,,,,8.7,320,39,4.3,290,12,1.8,1574,-11,35,1417,53.6,2.6,1017.5,1031.4,927,1025.9,2347,1028.6,9.7,9.1,1200,2.23,10.22,,,4.9,1,,1.8,1.8,.1,-6.9,.5,1.1,3,4.2,7.1,12,15.3,19.2,20.6,1.3,1.9,0,
108,2025-12-06,2.1,-2,8,4.5,1555,3.17,,,,,.6,5.5,320,1657,3,50,128,2,1753,-2.8,58,1037,70.9,5.1,1009.9,1026,1,1017.9,1537,1020.7,9.7,.9,1000,.8,3.08,,,1.9,1,,8.1,6.4,.5,-3.9,1.2,1.4,3.2,4.2,7,11.5,15.1,19.2,20.4,.6,.9,.6,
108,2025-12-07,8.3,3.4,739,13.4,1350,,,,,,,9.7,230,1452,4.8,200,1458,2.1,1846,4.3,52,1353,77.4,8.4,1009.6,1022.5,2356,1018.2,1512,1020.2,9.7,6.6,1200,1.69,8.97,,,,,,2.1,1.5,4.2,-5.1,4,3.6,4.1,4.6,6.9,11.2,14.9,19.1,20.3,1.5,2.1,,
108,2025-12-08,3.4,.8,2358,7.3,1440,,,,,,,7.3,290,26,4.6,320,952,2.3,1955,-7.6,29,1427,45.4,3.5,1017.1,1029.7,2348,1022.5,1,1027.8,9.7,9.1,1200,1.99,11.63,,,,,,0,0,1.6,-7.9,3.3,3.8,5.1,5.5,7.4,11,14.6,19,20.1,1.9,2.8,,
108,2025-12-09,2.8,-2.4,744,8.7,1357,,,,,,,6.2,250,1503,3.8,250,1536,1.7,1443,-4.5,42,7,59,4.5,1017.6,1029.9,15,1026.6,1442,1028.4,9.7,6,1300,1.69,8.53,,,,,,2.5,2.4,1.5,-9.8,2.3,2.6,4.1,5,7.1,10.8,14.4,18.9,20,1.2,1.7,,
108,2025-12-10,4.9,.7,550,8.6,1503,,,,,,,5.6,50,942,3.5,50,957,1.9,1611,.3,59,1421,73.1,6.3,1013.9,1028.1,229,1020.7,2353,1024.6,9.6,.9,1400,.83,4.54,,,,,,6.6,6.6,3.4,-6.2,3.6,3.3,4.1,4.7,6.8,10.6,14.2,18.8,19.9,.8,1.2,12.9,
108,2025-12-11,4,-1.8,2352,8.4,1412,5.17,,,,,12.9,10.2,320,1822,5.6,290,1641,2.7,2366,-1.9,43,1706,68.3,5.9,1011.7,1030.5,2340,1016.8,431,1022.4,9.6,4,1300,1.53,6.37,,,,,,4.8,4.1,4.2,-7,4.5,4.5,5.2,5.4,7,10.4,14,18.8,19.8,1.3,1.9,,
108,2025-12-12,2,-3.6,611,7,1440,,,,,,,5.9,50,2246,3.3,50,1755,1.9,1654,-5.8,45,1303,56.3,4,1020.3,1033.8,1023,1029.5,2353,1031.2,9.6,6.9,1200,1.79,9.57,,,,,,4.5,1.9,1.2,-9.4,2.3,2.6,4.3,5,7,10.3,13.8,18.7,19.7,1.5,2.2,0,
108,2025-12-13,2.6,-.8,2347,4.5,853,13.67,,,,,9.5,8.2,290,2001,4.3,290,2004,2.4,2061,-.4,61,3,81.5,6,1012.3,1029.5,1,1019.5,2341,1023.1,9.6,0,1000,.28,1.42,1,2050,1,2050,1,8.6,7,2.5,-3.3,3.4,3.4,4.3,5,6.7,10.2,13.7,18.6,19.7,.4,.5,9.6,
108,2025-12-14,-.1,-1.5,2359,3.1,1554,3.5,,,,,.1,6.8,290,846,4.1,290,1030,2,1743,-3.8,61,1537,76.5,4.6,1010.2,1024.3,2336,1018.3,519,1021.1,9.6,4.6,1300,1.36,8.25,.3,415,1.3,415,.3,4.3,4.3,1.4,-8.6,2.5,2.8,4.1,4.7,6.6,10,13.5,18.5,19.7,.8,1.2,,
108,2025-12-15,.7,-3.5,654,4.5,1456,,,,,,,4.6,140,1522,3,50,2153,1.8,1555,-3.1,59,1310,76.4,4.9,1014.4,1027.5,924,1024.1,8,1025.3,9.6,3.7,1000,1.43,6.82,,,,,,4.6,4.4,.6,-8.6,1.6,1.9,3.5,4.3,6.4,9.8,13.3,18.4,19.8,.9,1.2,0,
108,2025-12-16,3.8,2.1,1,5,2344,8.33,,,,,2.1,4.9,50,854,3.3,50,1125,2.2,1919,2,78,30,88.5,7.1,1011.7,1024.1,1,1021.4,1442,1022.4,9.6,0,1300,.18,.68,,,,,,9.6,9,2.8,-.5,3,2.9,3.7,4.2,6.1,9.6,13.2,18.3,19.8,.3,.5,2.1,
108,2025-12-17,4.2,1.2,2354,7.6,1514,,,,,,,6.7,290,1019,4.8,290,1026,2.1,1796,-.5,55,1545,72.8,6,1013.6,1027.7,2309,1021.1,409,1024.3,9.6,7.5,1200,1.69,9.52,,,,,,3.1,3.1,4,-6.4,4.1,4.1,4.7,5,6.3,9.4,13,18.2,19.7,1.3,1.8,,.4
108,2025-12-18,2.3,-1.9,750,8.5,1402,,,,,,,5.1,50,2229,3.3,50,2222,1.7,1443,-4.8,36,1535,60.6,4.3,1016.3,1029.7,911,1024.6,2221,1027.1,9.6,8.9,1200,1.84,10.59,,,,,,0,0,.9,-9.6,2.1,2.6,4.1,4.7,6.5,9.3,12.8,18.1,19.7,1.5,2.1,,
108,2025-12-19,4.9,-.7,608,9.9,1548,,,,,,,5.6,70,857,3.5,50,1232,2.1,1810,-1,51,1318,66.5,5.8,1011.4,1025.2,211,1019.3,1730,1022,9.6,3.6,1200,1.52,6.14,,,,,,4.3,4,3,-7.3,2.9,2.8,3.6,4.3,6.1,9.2,12.7,18,19.7,1.1,1.6,.1,
108,2025-12-20,7.3,1,2359,10.7,1300,8.82,,,,,.3,9.4,270,2126,5.1,270,2110,2.2,1917,2.8,44,2126,74.1,7.8,1009.1,1025.4,2359,1017.1,1334,1019.7,9.6,0,1300,.15,.67,,,,,,7.3,5.8,5.4,-3.4,5.4,5,5,5.1,6.2,9.1,12.5,17.9,19.6,.9,1.3,.2,
108,2025-12-21,-1.1,-3.4,2351,2.5,1438,,,,,,,11.3,290,141,5.7,290,146,2.9,2504,-12.5,31,1345,42,2.4,1019.2,1032.5,2250,1025.2,1,1030.2,9.6,8.9,1200,1.96,11.01,,,,,,2.6,0,-1,-10.2,1.8,2.6,4.3,5,6.5,9,12.4,17.8,19.6,1.5,2.2,,
108,2025-12-22,-.7,-5.9,741,5.1,1543,,,,,,,5.3,50,955,3.7,50,1032,1.8,1570,-11.9,22,1541,44.8,2.5,1020.6,1033.7,740,1029.4,1952,1031.6,9.6,8.8,1200,1.91,10.79,,,,,,3.9,1.9,-1.9,-12.6,.7,1.3,3.1,3.9,5.9,8.9,12.3,17.7,19.5,1.8,2.5,,
108,2025-12-23,2.6,.1,1,4.3,1222,10.75,,,,,10.8,10.1,290,1326,5.5,290,1328,2.4,2097,-2.8,44,147,70.9,5.3,1012.3,1030.3,1,1019.8,2359,1023.1,9.6,0,1200,.34,1.56,,,,,,9,6.9,0,-6.7,.8,1,2.5,3.3,5.4,8.8,12.1,17.6,19.5,.5,.7,10.8,
108,2025-12-24,2.8,-1,2346,6.3,1452,,,,,,,6.7,270,1325,4,250,1328,2.4,2057,-.7,57,1527,79,5.9,1008.5,1020.6,930,1017.7,1427,1019.3,9.6,5,1200,1.91,8.27,,,,,,4.1,4.1,2.5,-6.2,2.4,2.3,2.9,3.4,5.1,8.6,12,17.6,19.4,1.1,1.6,,
108,2025-12-25,-3.6,-8.9,2345,0,1406,,,,,,,11.3,290,1505,6.8,290,1508,3.9,3361,-11.9,35,1748,54.1,2.6,1011.1,1026,2337,1019.6,103,1022.1,9.6,8.7,1200,2,11.31,,,,,,.3,.3,-1.5,-11.7,.8,1.4,2.9,3.6,5.3,8.4,11.9,17.5,19.4,1.5,2.2,,
108,2025-12-26,-8.2,-11.8,759,-4,1456,,,,,,,10.6,290,127,5.6,290,153,2.8,2404,-19.9,28,1431,38.9,1.3,1017.1,1030.4,954,1025.9,1,1028.4,9.6,9,1200,2,11.69,,,,,,.4,0,-4.8,-15.1,-.2,.2,2.1,2.9,4.8,8.2,11.7,17.4,19.3,1.2,1.8,0,
108,2025-12-27,-2.6,-8.3,22,.5,1550,.33,,,,,0,5.1,20,2045,3.2,50,848,2.1,1794,-11.1,37,1,52.1,2.8,1015.3,1028.7,1,1024.5,1506,1026.3,9.6,2,1100,.97,4.71,,,,,,7.8,7.8,-1.7,-13.6,-.2,0,1.5,2.4,4.4,8,11.6,17.3,19.3,.8,1.2,,
108,2025-12-28,3.2,0,1,6.1,1518,4.42,,,,,.6,4.9,50,950,3,50,912,2,1764,-.6,65,2,76.4,5.9,1011.1,1025.3,1,1018.5,2400,1021.8,9.6,.7,1200,.84,4.89,,,,,,8.3,8,1.1,-2.3,.3,.1,1.3,2.2,4.1,7.8,11.4,17.2,19.2,.7,1,.9,
108,2025-12-29,4.9,-.1,2345,9.1,1446,2,,,,,.3,9.5,320,2108,5,270,1521,2.1,1777,.4,46,2158,74.1,6.5,1008,1023.1,2355,1016,547,1018.6,9.6,4.9,1100,1.28,6.42,,,,,,3.1,2.8,1.7,-8.5,.4,.2,1.4,2.1,4,7.6,11.2,17.1,19.2,1.2,1.7,,
108,2025-12-30,-.5,-3.7,802,3.8,1446,,,,,,,7.9,340,1638,4.6,290,1037,2.4,2040,-11.6,24,1217,45.1,2.6,1015.1,1028.1,954,1023.1,1,1026,9.6,9,1200,1.96,11.29,,,,,,1.9,1.9,-.9,-10.7,.2,.4,1.6,2.3,4.1,7.4,11.1,17,19.2,1.9,2.7,,
108,2025-12-31,-5.6,-8.9,2345,-1.2,1,,,,,,,9.1,320,1955,4.9,320,1419,3.1,2651,-17,25,1318,40.9,1.6,1018,1031.2,1019,1027.1,105,1029.1,9.6,9,1200,2.01,11.74,,,,,,.3,0,-2.7,-12.7,.1,.4,1.6,2.3,4,7.2,10.9,16.9,19.1,1.4,2,,
