date,locdate,year,month,day,date_name,is_holiday,date_kind,seq
2009-01-01,20090101,2009,1,1,신정,1,01,1
2009-01-25,20090125,2009,1,25,설날,1,01,1
2009-01-26,20090126,2009,1,26,설날,1,01,1
2009-01-27,20090127,2009,1,27,설날,1,01,1
2009-03-01,20090301,2009,3,1,삼일절,1,01,1
2009-05-02,20090502,2009,5,2,석가탄신일,1,01,1
2009-05-05,20090505,2009,5,5,어린이날,1,01,1
2009-06-06,20090606,2009,6,6,현충일,1,01,1
2009-08-15,20090815,2009,8,15,광복절,1,01,1
2009-10-02,20091002,2009,10,2,추석,1,01,1
2009-10-03,20091003,2009,10,3,개천절,1,01,2
2009-10-03,20091003,2009,10,3,추석,1,01,1
2009-10-04,20091004,2009,10,4,추석,1,01,1
2009-12-25,20091225,2009,12,25,기독탄신일,1,01,1
2010-01-01,20100101,2010,1,1,신정,1,01,1
2010-02-13,20100213,2010,2,13,설날,1,01,1
2010-02-14,20100214,2010,2,14,설날,1,01,1
2010-02-15,20100215,2010,2,15,설날,1,01,1
2010-03-01,20100301,2010,3,1,삼일절,1,01,1
2010-05-05,20100505,2010,5,5,어린이날,1,01,1
2010-05-21,20100521,2010,5,21,석가탄신일,1,01,1
2010-06-06,20100606,2010,6,6,현충일,1,01,1
2010-08-15,20100815,2010,8,15,광복절,1,01,1
2010-09-21,20100921,2010,9,21,추석,1,01,1
2010-09-22,20100922,2010,9,22,추석,1,01,1
2010-09-23,20100923,2010,9,23,추석,1,01,1
2010-10-03,20101003,2010,10,3,개천절,1,01,1
2010-12-25,20101225,2010,12,25,기독탄신일,1,01,1
2011-01-01,20110101,2011,1,1,신정,1,01,1
2011-02-02,20110202,2011,2,2,설날,1,01,1
2011-02-03,20110203,2011,2,3,설날,1,01,1
2011-02-04,20110204,2011,2,4,설날,1,01,1
2011-03-01,20110301,2011,3,1,삼일절,1,01,1
2011-05-05,20110505,2011,5,5,어린이날,1,01,1
2011-05-10,20110510,2011,5,10,석가탄신일,1,01,1
2011-06-06,20110606,2011,6,6,현충일,1,01,1
2011-08-15,20110815,2011,8,15,광복절,1,01,1
2011-09-11,20110911,2011,9,11,추석,1,01,1
2011-09-12,20110912,2011,9,12,추석,1,01,1
2011-09-13,20110913,2011,9,13,추석,1,01,1
2011-10-03,20111003,2011,10,3,개천절,1,01,1
2011-12-25,20111225,2011,12,25,기독탄신일,1,01,1
2012-01-01,20120101,2012,1,1,신정,1,01,1
2012-01-22,20120122,2012,1,22,설날,1,01,1
2012-01-23,20120123,2012,1,23,설날,1,01,1
2012-01-24,20120124,2012,1,24,설날,1,01,1
2012-03-01,20120301,2012,3,1,삼일절,1,01,1
2012-04-11,20120411,2012,4,11,국회의원선거일,1,01,1
2012-05-05,20120505,2012,5,5,어린이날,1,01,1
2012-05-28,20120528,2012,5,28,석가탄신일,1,01,1
2012-06-06,20120606,2012,6,6,현충일,1,01,1
2012-08-15,20120815,2012,8,15,광복절,1,01,1
2012-09-29,20120929,2012,9,29,추석,1,01,1
2012-09-30,20120930,2012,9,30,추석,1,01,1
2012-10-01,20121001,2012,10,1,추석,1,01,1
2012-10-03,20121003,2012,10,3,개천절,1,01,1
2012-12-19,20121219,2012,12,19,대통령선거일,1,01,1
2012-12-25,20121225,2012,12,25,기독탄신일,1,01,1
2013-01-01,20130101,2013,1,1,신정,1,01,1
2013-02-09,20130209,2013,2,9,설날,1,01,1
2013-02-10,20130210,2013,2,10,설날,1,01,1
2013-02-11,20130211,2013,2,11,설날,1,01,1
2013-03-01,20130301,2013,3,1,삼일절,1,01,1
2013-05-05,20130505,2013,5,5,어린이 날,1,01,1
2013-05-17,20130517,2013,5,17,석가탄신일,1,01,1
2013-06-06,20130606,2013,6,6,현충일,1,01,1
2013-08-15,20130815,2013,8,15,광복절,1,01,1
2013-09-18,20130918,2013,9,18,추석,1,01,1
2013-09-19,20130919,2013,9,19,추석,1,01,1
2013-09-20,20130920,2013,9,20,추석,1,01,1
2013-10-03,20131003,2013,10,3,개천절,1,01,1
2013-10-09,20131009,2013,10,9,한글날,1,01,1
2013-12-25,20131225,2013,12,25,기독탄신일,1,01,1
2014-01-01,20140101,2014,1,1,신정,1,01,1
2014-01-30,20140130,2014,1,30,설날,1,01,1
2014-01-31,20140131,2014,1,31,설날,1,01,1
2014-02-01,20140201,2014,2,1,설날,1,01,1
2014-03-01,20140301,2014,3,1,삼일절,1,01,1
2014-05-05,20140505,2014,5,5,어린이날,1,01,1
2014-05-06,20140506,2014,5,6,석가탄신일,1,01,1
2014-06-04,20140604,2014,6,4,동시지방선거일,1,01,1
2014-06-06,20140606,2014,6,6,현충일,1,01,1
2014-08-15,20140815,2014,8,15,광복절,1,01,1
2014-09-07,20140907,2014,9,7,추석,1,01,1
2014-09-08,20140908,2014,9,8,추석,1,01,1
2014-09-09,20140909,2014,9,9,추석,1,01,1
2014-09-10,20140910,2014,9,10,대체공휴일,1,01,1
2014-10-03,20141003,2014,10,3,개천절,1,01,1
2014-10-09,20141009,2014,10,9,한글날,1,01,1
2014-12-25,20141225,2014,12,25,기독탄신일,1,01,1
2015-01-01,20150101,2015,1,1,신정,1,01,1
2015-02-18,20150218,2015,2,18,설날,1,01,1
2015-02-19,20150219,2015,2,19,설날,1,01,1
2015-02-20,20150220,2015,2,20,설날,1,01,1
2015-03-01,20150301,2015,3,1,삼일절,1,01,1
2015-05-05,20150505,2015,5,5,어린이날,1,01,1
2015-05-25,20150525,2015,5,25,석가탄신일,1,01,1
2015-06-06,20150606,2015,6,6,현충일,1,01,1
2015-08-15,20150815,2015,8,15,광복절,1,01,1
2015-09-26,20150926,2015,9,26,추석,1,01,1
2015-09-27,20150927,2015,9,27,추석,1,01,1
2015-09-28,20150928,2015,9,28,추석,1,01,1
2015-09-29,20150929,2015,9,29,대체공휴일,1,01,1
2015-10-03,20151003,2015,10,3,개천절,1,01,1
2015-10-09,20151009,2015,10,9,한글날,1,01,1
2015-12-25,20151225,2015,12,25,기독탄신일,1,01,1
2016-01-01,20160101,2016,1,1,신정,1,01,1
2016-02-07,20160207,2016,2,7,설날,1,01,1
2016-02-08,20160208,2016,2,8,설날,1,01,1
2016-02-09,20160209,2016,2,9,설날,1,01,1
2016-02-10,20160210,2016,2,10,대체공휴일,1,01,1
2016-03-01,20160301,2016,3,1,삼일절,1,01,1
2016-04-13,20160413,2016,4,13,국회의원선거일,1,01,1
2016-05-05,20160505,2016,5,5,어린이날,1,01,1
2016-05-06,20160506,2016,5,6,임시공휴일,1,01,1
2016-05-14,20160514,2016,5,14,석가탄신일,1,01,1
2016-06-06,20160606,2016,6,6,현충일,1,01,1
2016-08-15,20160815,2016,8,15,광복절,1,01,1
2016-09-14,20160914,2016,9,14,추석,1,01,1
2016-09-15,20160915,2016,9,15,추석,1,01,1
2016-09-16,20160916,2016,9,16,추석,1,01,1
2016-10-03,20161003,2016,10,3,개천절,1,01,1
2016-10-09,20161009,2016,10,9,한글날,1,01,1
2016-12-25,20161225,2016,12,25,기독탄신일,1,01,1
2017-01-01,20170101,2017,1,1,신정,1,01,1
2017-01-27,20170127,2017,1,27,설날,1,01,1
2017-01-28,20170128,2017,1,28,설날,1,01,1
2017-01-29,20170129,2017,1,29,설날,1,01,1
2017-01-30,20170130,2017,1,30,대체공휴일,1,01,1
2017-03-01,20170301,2017,3,1,삼일절,1,01,1
2017-05-03,20170503,2017,5,3,석가탄신일,1,01,1
2017-05-05,20170505,2017,5,5,어린이날,1,01,1
2017-05-09,20170509,2017,5,9,대통령선거일,1,01,1
2017-06-06,20170606,2017,6,6,현충일,1,01,1
2017-08-15,20170815,2017,8,15,광복절,1,01,1
2017-10-02,20171002,2017,10,2,임시공휴일,1,01,2
2017-10-03,20171003,2017,10,3,개천절,1,01,1
2017-10-03,20171003,2017,10,3,추석,1,01,2
2017-10-04,20171004,2017,10,4,추석,1,01,1
2017-10-05,20171005,2017,10,5,추석,1,01,1
2017-10-06,20171006,2017,10,6,대체공휴일,1,01,1
2017-10-09,20171009,2017,10,9,한글날,1,01,1
2017-12-25,20171225,2017,12,25,기독탄신일,1,01,1
2018-01-01,20180101,2018,1,1,1월1일,1,01,1
2018-02-15,20180215,2018,2,15,설날,1,01,1
2018-02-16,20180216,2018,2,16,설날,1,01,1
2018-02-17,20180217,2018,2,17,설날,1,01,1
2018-03-01,20180301,2018,3,1,삼일절,1,01,1
2018-05-05,20180505,2018,5,5,어린이날,1,01,1
2018-05-07,20180507,2018,5,7,대체휴무일,1,01,1
2018-05-22,20180522,2018,5,22,부처님오신날,1,01,1
2018-06-06,20180606,2018,6,6,현충일,1,01,1
2018-06-13,20180613,2018,6,13,전국동시지방선거,1,01,1
2018-08-15,20180815,2018,8,15,광복절,1,01,1
2018-09-23,20180923,2018,9,23,추석,1,01,1
2018-09-24,20180924,2018,9,24,추석,1,01,1
2018-09-25,20180925,2018,9,25,추석,1,01,1
2018-09-26,20180926,2018,9,26,대체휴무일,1,01,1
2018-10-03,20181003,2018,10,3,개천절,1,01,1
2018-10-09,20181009,2018,10,9,한글날,1,01,1
2018-12-25,20181225,2018,12,25,기독탄신일,1,01,1
2019-01-01,20190101,2019,1,1,1월1일,1,01,1
2019-02-04,20190204,2019,2,4,설날,1,01,1
2019-02-05,20190205,2019,2,5,설날,1,01,1
2019-02-06,20190206,2019,2,6,설날,1,01,1
2019-03-01,20190301,2019,3,1,삼일절,1,01,1
2019-05-05,20190505,2019,5,5,어린이날,1,01,1
2019-05-06,20190506,2019,5,6,대체공휴일,1,01,1
2019-05-12,20190512,2019,5,12,부처님오신날,1,01,1
2019-06-06,20190606,2019,6,6,현충일,1,01,1
2019-08-15,20190815,2019,8,15,광복절,1,01,1
2019-09-12,20190912,2019,9,12,추석,1,01,1
2019-09-13,20190913,2019,9,13,추석,1,01,1
2019-09-14,20190914,2019,9,14,추석,1,01,1
2019-10-03,20191003,2019,10,3,개천절,1,01,1
2019-10-09,20191009,2019,10,9,한글날,1,01,1
2019-12-25,20191225,2019,12,25,기독탄신일,1,01,1
2020-01-01,20200101,2020,1,1,1월1일,1,01,1
2020-01-24,20200124,2020,1,24,설날,1,01,1
2020-01-25,20200125,2020,1,25,설날,1,01,1
2020-01-26,20200126,2020,1,26,설날,1,01,1
2020-01-27,20200127,2020,1,27,대체공휴일,1,01,1
2020-03-01,20200301,2020,3,1,삼일절,1,01,1
2020-04-15,20200415,2020,4,15,제21대 국회의원선거,1,01,1
2020-04-30,20200430,2020,4,30,부처님오신날,1,01,1
2020-05-05,20200505,2020,5,5,어린이날,1,01,1
2020-06-06,20200606,2020,6,6,현충일,1,01,1
2020-08-15,20200815,2020,8,15,광복절,1,01,1
2020-08-17,20200817,2020,8,17,임시공휴일,1,01,1
2020-09-30,20200930,2020,9,30,추석,1,01,1
2020-10-01,20201001,2020,10,1,추석,1,01,1
2020-10-02,20201002,2020,10,2,추석,1,01,1
2020-10-03,20201003,2020,10,3,개천절,1,01,1
2020-10-09,20201009,2020,10,9,한글날,1,01,1
2020-12-25,20201225,2020,12,25,기독탄신일,1,01,1
2021-01-01,20210101,2021,1,1,1월1일,1,01,1
2021-02-11,20210211,2021,2,11,설날,1,01,1
2021-02-12,20210212,2021,2,12,설날,1,01,1
2021-02-13,20210213,2021,2,13,설날,1,01,1
2021-03-01,20210301,2021,3,1,삼일절,1,01,1
2021-05-05,20210505,2021,5,5,어린이날,1,01,1
2021-05-19,20210519,2021,5,19,부처님오신날,1,01,1
2021-06-06,20210606,2021,6,6,현충일,1,01,1
2021-08-15,20210815,2021,8,15,광복절,1,01,1
2021-08-16,20210816,2021,8,16,대체공휴일,1,01,1
2021-09-20,20210920,2021,9,20,추석,1,01,1
2021-09-21,20210921,2021,9,21,추석,1,01,1
2021-09-22,20210922,2021,9,22,추석,1,01,1
2021-10-03,20211003,2021,10,3,개천절,1,01,1
2021-10-04,20211004,2021,10,4,대체공휴일,1,01,1
2021-10-09,20211009,2021,10,9,한글날,1,01,1
2021-10-11,20211011,2021,10,11,대체공휴일,1,01,1
2021-12-25,20211225,2021,12,25,기독탄신일,1,01,1
2022-01-01,20220101,2022,1,1,1월1일,1,01,1
2022-01-31,20220131,2022,1,31,설날,1,01,1
2022-02-01,20220201,2022,2,1,설날,1,01,1
2022-02-02,20220202,2022,2,2,설날,1,01,1
2022-03-01,20220301,2022,3,1,삼일절,1,01,1
2022-03-09,20220309,2022,3,9,대통령선거일,1,01,1
2022-05-05,20220505,2022,5,5,어린이날,1,01,1
2022-05-08,20220508,2022,5,8,부처님오신날,1,01,1
2022-06-01,20220601,2022,6,1,전국동시지방선거,1,01,1
2022-06-06,20220606,2022,6,6,현충일,1,01,1
2022-08-15,20220815,2022,8,15,광복절,1,01,1
2022-09-09,20220909,2022,9,9,추석,1,01,1
2022-09-10,20220910,2022,9,10,추석,1,01,1
2022-09-11,20220911,2022,9,11,추석,1,01,1
2022-09-12,20220912,2022,9,12,대체공휴일,1,01,1
2022-10-03,20221003,2022,10,3,개천절,1,01,1
2022-10-09,20221009,2022,10,9,한글날,1,01,1
2022-10-10,20221010,2022,10,10,대체공휴일,1,01,3
2022-12-25,20221225,2022,12,25,기독탄신일,1,01,1
2023-01-01,20230101,2023,1,1,1월1일,1,01,1
2023-01-21,20230121,2023,1,21,설날,1,01,1
2023-01-22,20230122,2023,1,22,설날,1,01,1
2023-01-23,20230123,2023,1,23,설날,1,01,1
2023-01-24,20230124,2023,1,24,대체공휴일,1,01,1
2023-03-01,20230301,2023,3,1,삼일절,1,01,1
2023-05-05,20230505,2023,5,5,어린이날,1,01,1
2023-05-27,20230527,2023,5,27,부처님오신날,1,01,1
2023-05-29,20230529,2023,5,29,대체공휴일,1,01,1
2023-06-06,20230606,2023,6,6,현충일,1,01,1
2023-08-15,20230815,2023,8,15,광복절,1,01,1
2023-09-28,20230928,2023,9,28,추석,1,01,1
2023-09-29,20230929,2023,9,29,추석,1,01,1
2023-09-30,20230930,2023,9,30,추석,1,01,1
2023-10-02,20231002,2023,10,2,임시공휴일,1,01,2
2023-10-03,20231003,2023,10,3,개천절,1,01,1
2023-10-09,20231009,2023,10,9,한글날,1,01,1
2023-12-25,20231225,2023,12,25,기독탄신일,1,01,1
2024-01-01,20240101,2024,1,1,1월1일,1,01,1
2024-02-09,20240209,2024,2,9,설날,1,01,1
2024-02-10,20240210,2024,2,10,설날,1,01,1
2024-02-11,20240211,2024,2,11,설날,1,01,1
2024-02-12,20240212,2024,2,12,대체공휴일(설날),1,01,1
2024-03-01,20240301,2024,3,1,삼일절,1,01,1
2024-04-10,20240410,2024,4,10,국회의원선거,1,01,1
2024-05-05,20240505,2024,5,5,어린이날,1,01,1
2024-05-06,20240506,2024,5,6,대체공휴일(어린이날),1,01,1
2024-05-15,20240515,2024,5,15,부처님오신날,1,01,1
2024-06-06,20240606,2024,6,6,현충일,1,01,1
2024-08-15,20240815,2024,8,15,광복절,1,01,1
2024-09-16,20240916,2024,9,16,추석,1,01,1
2024-09-17,20240917,2024,9,17,추석,1,01,1
2024-09-18,20240918,2024,9,18,추석,1,01,1
2024-10-01,20241001,2024,10,1,임시공휴일,1,01,2
2024-10-03,20241003,2024,10,3,개천절,1,01,1
2024-10-09,20241009,2024,10,9,한글날,1,01,1
2024-12-25,20241225,2024,12,25,기독탄신일,1,01,1
2025-01-01,20250101,2025,1,1,1월1일,1,01,1
2025-01-27,20250127,2025,1,27,임시공휴일,1,01,1
2025-01-28,20250128,2025,1,28,설날,1,01,1
2025-01-29,20250129,2025,1,29,설날,1,01,1
2025-01-30,20250130,2025,1,30,설날,1,01,1
2025-03-01,20250301,2025,3,1,삼일절,1,01,1
2025-03-03,20250303,2025,3,3,대체공휴일,1,01,1
2025-05-05,20250505,2025,5,5,부처님오신날,1,01,2
2025-05-05,20250505,2025,5,5,어린이날,1,01,1
2025-05-06,20250506,2025,5,6,대체공휴일,1,01,1
2025-06-03,20250603,2025,6,3,임시공휴일(제21대 대통령 선거),1,01,1
2025-06-06,20250606,2025,6,6,현충일,1,01,1
2025-08-15,20250815,2025,8,15,광복절,1,01,1
2025-10-03,20251003,2025,10,3,개천절,1,01,1
2025-10-05,20251005,2025,10,5,추석,1,01,1
2025-10-06,20251006,2025,10,6,추석,1,01,1
2025-10-07,20251007,2025,10,7,추석,1,01,1
2025-10-08,20251008,2025,10,8,대체공휴일,1,01,1
2025-10-09,20251009,2025,10,9,한글날,1,01,1
2025-12-25,20251225,2025,12,25,기독탄신일,1,01,1
2026-01-01,20260101,2026,1,1,1월1일,1,01,1
2026-02-16,20260216,2026,2,16,설날,1,01,1
2026-02-17,20260217,2026,2,17,설날,1,01,1
2026-02-18,20260218,2026,2,18,설날,1,01,1
2026-03-01,20260301,2026,3,1,삼일절,1,01,1
2026-03-02,20260302,2026,3,2,대체공휴일(삼일절),1,01,1
2026-05-01,20260501,2026,5,1,노동절,1,01,2
2026-05-05,20260505,2026,5,5,어린이날,1,01,2
2026-05-24,20260524,2026,5,24,부처님오신날,1,01,1
2026-05-25,20260525,2026,5,25,대체공휴일(부처님오신날),1,01,1
2026-06-03,20260603,2026,6,3,전국동시지방선거,1,01,1
2026-06-06,20260606,2026,6,6,현충일,1,01,2
2026-07-17,20260717,2026,7,17,제헌절,1,01,1
2026-08-15,20260815,2026,8,15,광복절,1,01,1
2026-08-17,20260817,2026,8,17,대체공휴일(광복절),1,01,1
2026-09-24,20260924,2026,9,24,추석,1,01,1
2026-09-25,20260925,2026,9,25,추석,1,01,1
2026-09-26,20260926,2026,9,26,추석,1,01,1
2026-10-03,20261003,2026,10,3,개천절,1,01,1
2026-10-05,20261005,2026,10,5,대체공휴일(개천절),1,01,1
2026-10-09,20261009,2026,10,9,한글날,1,01,1
2026-12-25,20261225,2026,12,25,기독탄신일,1,01,1
